id,first_name,last_name,email,gender,date_of_birth,careeer,house,sport
111-ce-3023,Penn,BLENCOWE,pblencowe@uni.edu,Male,25/09/1998,History,,Gymnastics
111-ce-2564,Austin,STEIN,astein@uni.edu,Male,01/06/1996,IT,,
112-ee-4244,Anissa,FOURACRES,afouracres@uni.edu,Male,25/06/1996,Mathematics,Pi Gamma Rho,Volleyball
111-ce-8732,Yetty,BEWSY,ybewsy@uni.edu,Bigender,10/09/1998,Tourism & Catering,,Football
112-cc-8594,Vinni,COUSIN,vcousin@uni.edu,Male,31/07/1997,Finance,,Volleyball
111-df-3319,Norry,ALBUTT,nalbutt@uni.edu,Female,27/01/1996,Biotechnology,,Hockey
111-ab-8983,Faulkner,BOUD,fboud@uni.edu,Non-binary,08/07/1998,Law,,Volleyball
112-db-4087,Gaile,DENERLEY,gdenerley@uni.edu,Male,22/06/1997,Medicine,,Gymnastics
112-cd-2102,Nannie,MCPAIKE,nmcpaike@uni.edu,Female,18/12/1996,Psychology,Kappa Xi,
111-ce-8569,Georges,LONGCASTER,glongcaster@uni.edu,Female,21/03/1996,History,Beta Mu,
112-fb-3709,Valene,DOVINGTON,vdovington@uni.edu,Male,20/09/1997,Mathematics,Kappa Xi,Football
111-ab-2587,Hazel,JAKEL,hjakel@uni.edu,Female,10/12/1998,Litterature & Linguistics,,Swimming
111-cd-3056,Wheeler,CANSFIELD,wcansfield@uni.edu,Male,18/06/1996,Architecture,,Football
111-bd-9238,Matteo,SIMONNET,msimonnet@uni.edu,Male,05/02/1996,Biotechnology,,
111-ca-1563,Geoffry,MACKILPATRICK,gmackilpatrick@uni.edu,Male,27/07/1996,Engineering,,Football
112-ec-9933,Sam,SUFFE,ssuffe@uni.edu,Male,19/08/1997,Litterature & Linguistics,,
112-bc-2324,Alvis,BORDES,abordes@uni.edu,Male,23/07/1996,Architecture,,
111-be-4962,Prentice,CLINCH,pclinch@uni.edu,Male,25/12/1996,Gastronomy,,
111-bc-7435,Gianni,FARNIN,gfarnin@uni.edu,Male,18/08/1997,IT,,Gymnastics
111-ce-6407,Isidora,MENGUE,imengue@uni.edu,Male,20/10/1998,Finance,Pi Gamma Rho,Hockey
111-fd-3012,Kylila,ROSARIO,krosario@uni.edu,Male,20/07/1998,Psychology,Delta Magnus,
111-fa-3311,Beltran,BESQUE,bbesque@uni.edu,Non-binary,20/10/1996,Engineering,Kappa Xi,Volleyball
112-cc-6401,Murdock,FLIEG,mflieg@uni.edu,Female,29/10/1998,Finance,Tau Picore,
112-ac-8455,Felix,SPADAZZI,fspadazzi@uni.edu,Female,08/11/1998,Tourism & Catering,Kappa Xi,Tennis
111-bd-8365,Avis,CARLEMAN,acarleman@uni.edu,Female,30/11/1996,Tourism & Catering,,Martial Arts
111-ca-9386,Rhea,GLENCROSCHE,rglencrosche@uni.edu,Female,23/11/1998,Litterature & Linguistics,,Volleyball
111-ca-7298,Aridatha,OLIFFE,aoliffe@uni.edu,Male,23/10/1997,Tourism & Catering,,Basketball
111-ff-8230,Delila,EDMONSTONE,dedmonstone@uni.edu,Non-binary,17/03/1996,Architecture,,Basketball
111-af-5546,Katherina,MINIGO,kminigo@uni.edu,Female,09/12/1996,Chemistry,Beta Mu,Gymnastics
111-dc-6473,Dacy,KILFOYLE,dkilfoyle@uni.edu,Female,07/08/1998,Tourism & Catering,,
111-cf-1651,Olympe,KILLINER,okilliner@uni.edu,Male,11/08/1997,Physics,,Martial Arts
112-ae-8460,Claudio,NIXON,cnixon@uni.edu,Female,13/01/1997,Art & Culture,,Hockey
112-fe-1362,Michaelina,SKRINE,mskrine@uni.edu,Genderqueer,18/09/1997,Psychology,Zeta Omega,
112-ed-4379,Xylina,RODOLFI,xrodolfi@uni.edu,Female,27/12/1998,IT,,Martial Arts
112-df-8779,Robenia,LABROUE,rlabroue@uni.edu,Female,06/12/1997,Computer Science,Kappa Xi,
112-ad-3586,Joseph,GRASSETT,jgrassett@uni.edu,Male,28/12/1996,Tourism & Catering,Delta Magnus,Swimming
111-ce-9960,Lorilyn,HUXTER,lhuxter@uni.edu,Female,28/01/1997,Engineering,,Tennis
111-fa-3048,Jacquetta,EUL,jeul@uni.edu,Non-binary,18/12/1997,Gastronomy,Delta Magnus,
111-ab-9361,Bearnard,PARSONSON,bparsonson@uni.edu,Non-binary,03/08/1998,Journalism,Delta Magnus,
111-ee-6576,Felicio,DENISKEVICH,fdeniskevich@uni.edu,Genderfluid,15/12/1997,Journalism,Zeta Omega,Hockey
111-fc-6573,Georg,SKIPLORNE,gskiplorne@uni.edu,Male,05/07/1998,Tourism & Catering,Nu Psi Lambda,
112-ad-5104,Dianne,CHINNERY,dchinnery@uni.edu,Female,18/01/1997,Computer Science,,
111-bb-5949,Jay,COTTER,jcotter@uni.edu,Female,23/03/1997,Medicine,Kappa Xi,Swimming
111-eb-7174,Adelle,TEULIER,ateulier@uni.edu,Female,11/02/1998,History,Beta Mu,Hockey
112-dc-7539,Nisse,EIVERS,neivers@uni.edu,Male,10/10/1997,Business Administration,,
112-fa-5626,Roxine,BURNHAMS,rburnhams@uni.edu,Male,18/11/1996,Law,,Football
111-df-2991,Eveline,MOGFORD,emogford@uni.edu,Male,17/06/1998,Mathematics,Beta Mu,
112-dd-5416,Derrick,ACLAND,dacland@uni.edu,Male,01/05/1996,Business Administration,,
112-fc-9909,Britte,SIMMS,bsimms@uni.edu,Female,07/12/1996,Medicine,,
111-fb-5271,Marta,BANKES,mbankes@uni.edu,Female,27/02/1996,Chemistry,,Hockey
112-fb-2142,Hamlin,HARDER,hharder@uni.edu,Female,20/02/1998,History,,
111-fa-5083,Shani,FALLANCHE,sfallanche@uni.edu,Female,18/04/1997,Tourism & Catering,Tau Picore,Hockey
111-ec-3024,Peg,KEPPEL,pkeppel@uni.edu,Male,16/08/1996,Finance,Beta Mu,Football
111-aa-7270,Mattie,FULLARD,mfullard@uni.edu,Genderqueer,17/06/1998,Architecture,,
112-bc-3322,Obadiah,SLEVIN,oslevin@uni.edu,Female,19/08/1997,History,,
112-fb-2112,Hester,DANSKINE,hdanskine@uni.edu,Female,25/12/1996,Litterature & Linguistics,Tau Picore,Basketball
112-ef-7712,Cassie,ESCHALETTE,ceschalette@uni.edu,Male,03/06/1996,Art & Culture,,Basketball
112-ee-6989,Benetta,RIPPON,brippon@uni.edu,Male,20/12/1996,Mathematics,Pi Gamma Rho,Swimming
111-df-4846,Tades,PLEVIN,tplevin@uni.edu,Female,01/12/1998,IT,,Martial Arts
112-bf-3620,Eileen,MINSTER,eminster@uni.edu,Male,27/11/1996,Computer Science,Delta Magnus,
112-ca-1487,Karil,BYRNE,kbyrne@uni.edu,Male,06/05/1996,Gastronomy,,Martial Arts
112-ea-4159,Merrile,KINGETT,mkingett@uni.edu,Male,12/06/1997,Business Administration,,Martial Arts
112-fa-9092,Lela,JURASEK,ljurasek@uni.edu,Male,11/08/1996,Psychology,,Volleyball
112-ee-5593,Letitia,TURRI,lturri@uni.edu,Female,06/10/1998,Computer Science,,Volleyball
112-de-4139,Nikkie,DERICUT,ndericut@uni.edu,Male,10/08/1996,Gastronomy,,Martial Arts
112-bc-5234,Gavrielle,GOODSPEED,ggoodspeed@uni.edu,Male,27/12/1998,Mathematics,Pi Gamma Rho,Basketball
111-ec-8296,Jobey,QUINET,jquinet@uni.edu,Male,17/07/1997,Engineering,Tau Picore,
112-af-5780,Janeva,BRAUNFELD,jbraunfeld@uni.edu,Female,17/08/1997,Litterature & Linguistics,Tau Picore,Hockey
111-dc-2484,Ainslie,MCLAUGHLAN,amclaughlan@uni.edu,Female,08/01/1997,Mathematics,Kappa Xi,Basketball
111-cf-1789,Ariadne,KASSEL,akassel@uni.edu,Female,25/01/1998,History,,Gymnastics
112-ad-5106,Mollee,SORTON,msorton@uni.edu,Female,27/05/1997,Art & Culture,Beta Mu,Tennis
111-ae-5280,Christa,KEDWARD,ckedward@uni.edu,Female,18/09/1996,Physics,Tau Picore,Swimming
112-da-2808,Skipton,COARE,scoare@uni.edu,Female,20/06/1998,Chemistry,,
111-cb-5303,Merell,HAMMONDS,mhammonds@uni.edu,Male,04/08/1997,Biotechnology,,Martial Arts
112-bc-2187,Dalis,IMORT,dimort@uni.edu,Female,25/12/1997,Art & Culture,Kappa Xi,Volleyball
112-ef-3760,Fredericka,RUNNETT,frunnett@uni.edu,Male,24/08/1996,Medicine,Pi Gamma Rho,Volleyball
112-dd-4064,Grata,GRIGORI,ggrigori@uni.edu,Male,12/12/1998,Mathematics,Zeta Omega,Tennis
111-fb-7525,Eydie,ANDREINI,eandreini@uni.edu,Female,12/02/1998,Tourism & Catering,Tau Picore,Gymnastics
111-ff-5921,Kai,GILLIBRAND,kgillibrand@uni.edu,Female,21/07/1996,Medicine,Kappa Xi,Martial Arts
111-dd-5327,Dodi,YURYICHEV,dyuryichev@uni.edu,Male,29/05/1996,Art & Culture,,
112-ab-6478,My,GOZARD,mgozard@uni.edu,Female,27/09/1997,Psychology,Kappa Xi,Gymnastics
111-ae-2982,Sidoney,HAGGERTY,shaggerty@uni.edu,Male,16/07/1997,Tourism & Catering,Pi Gamma Rho,Hockey
111-cc-2901,Birk,LANGCASTLE,blangcastle@uni.edu,Male,03/02/1996,Law,Nu Psi Lambda,Basketball
112-ef-1847,Ed,RODDICK,eroddick@uni.edu,Female,14/06/1997,Art & Culture,Tau Picore,
111-bb-2043,Montgomery,SICTORNES,msictornes@uni.edu,Female,04/05/1996,IT,,
111-ef-7107,Melisande,BANKHURST,mbankhurst@uni.edu,Male,16/11/1998,Biotechnology,Pi Gamma Rho,Football
112-ce-2695,Ransell,PRANDIN,rprandin@uni.edu,Male,13/09/1996,Litterature & Linguistics,,Football
111-ad-8001,Aura,BATT,abatt@uni.edu,Female,29/10/1997,Finance,,Hockey
112-fb-5013,Shepherd,ADAMOWITZ,sadamowitz@uni.edu,Male,22/05/1996,Mathematics,,Martial Arts
111-bd-5911,Gretna,CORNILS,gcornils@uni.edu,Female,30/06/1996,Gastronomy,Kappa Xi,
112-fa-1556,Flory,OVER,fover@uni.edu,Non-binary,09/01/1997,Business Administration,Kappa Xi,
112-ee-3628,Romola,SPEKE,rspeke@uni.edu,Female,14/11/1996,Computer Science,,Volleyball
112-ad-5009,Estrellita,GRAVELL,egravell@uni.edu,Male,31/08/1998,Mathematics,,Football
111-ce-8731,Ashlin,UEBEL,auebel@uni.edu,Non-binary,24/08/1998,Chemistry,,Hockey
112-cc-8553,Angelle,WINNING,awinning@uni.edu,Male,22/10/1997,IT,,Football
112-aa-6357,Pearle,STICKLER,pstickler@uni.edu,Female,24/11/1997,History,Beta Mu,Gymnastics
111-fc-6144,Chaddy,LOYLEY,cloyley@uni.edu,Female,09/03/1997,Journalism,Beta Mu,
112-fb-4708,Gonzales,JORG,gjorg@uni.edu,Male,28/06/1997,Finance,Kappa Xi,
111-ad-4984,Horace,HOWSDEN,hhowsden@uni.edu,Female,21/05/1996,Computer Science,Kappa Xi,Tennis
111-ae-5897,Moritz,TINSEY,mtinsey@uni.edu,Male,06/07/1997,Biotechnology,,
111-df-6071,Jeffry,BRETHERTON,jbretherton@uni.edu,Female,04/08/1998,Psychology,Kappa Xi,
111-ea-9191,Katerine,BONAS,kbonas@uni.edu,Male,06/09/1998,Biotechnology,Zeta Omega,Martial Arts
112-ba-4971,Juieta,DALLEMORE,jdallemore@uni.edu,Female,24/08/1996,History,Tau Picore,Volleyball
111-ac-2978,Laurel,OSWELL,loswell@uni.edu,Genderfluid,26/01/1997,Computer Science,,Hockey
111-ee-6707,Gerta,DUCAEN,gducaen@uni.edu,Male,07/01/1997,History,Zeta Omega,
111-bd-2271,Alec,WOLFENDEN,awolfenden@uni.edu,Female,19/10/1997,Tourism & Catering,Tau Picore,
112-dd-8490,Melli,HEDDAN,mheddan@uni.edu,Female,28/12/1996,Litterature & Linguistics,Tau Picore,Hockey
111-bf-4794,Kay,WRACK,kwrack@uni.edu,Male,18/09/1996,Physics,,
112-bb-4097,Loria,DENISOT,ldenisot@uni.edu,Male,09/02/1996,Architecture,,Martial Arts
112-de-2525,Sharlene,LEIF,sleif@uni.edu,Male,06/08/1997,Physics,,Tennis
112-ae-1324,Gigi,GLASSCOO,gglasscoo@uni.edu,Female,05/12/1998,Gastronomy,,
111-cc-5128,Arleyne,DANILOWICZ,adanilowicz@uni.edu,Male,21/03/1997,Biotechnology,,
111-ee-2369,Tomlin,HALSON,thalson@uni.edu,Female,17/01/1997,Tourism & Catering,,Hockey
111-cb-6430,Sonia,TARBORN,starborn@uni.edu,Female,22/03/1996,Journalism,,Tennis
112-ca-7720,Brennen,FEETHAM,bfeetham@uni.edu,Female,31/03/1997,Finance,,Volleyball
111-fd-7718,Min,PALPHRAMAND,mpalphramand@uni.edu,Genderfluid,20/05/1996,Gastronomy,Delta Magnus,
112-be-2092,Anselma,MOODIE,amoodie@uni.edu,Female,05/09/1996,Biotechnology,,Tennis
111-ff-1840,Orv,BRIDEWELL,obridewell@uni.edu,Male,28/11/1996,Mathematics,,
112-fb-5757,Doe,MCELMURRAY,dmcelmurray@uni.edu,Male,13/08/1998,History,,Swimming
111-bb-9128,Chicky,DAUD,cdaud@uni.edu,Female,02/10/1998,History,Tau Picore,Basketball
112-ff-9121,Guthrie,BISIKER,gbisiker@uni.edu,Male,16/06/1997,Computer Science,,Basketball
112-ab-4238,Brnaba,WOODSFORD,bwoodsford@uni.edu,Female,21/06/1997,Medicine,,
111-be-8779,Trumaine,RUSSI,trussi@uni.edu,Male,30/12/1997,Medicine,Kappa Xi,Martial Arts
111-ee-1386,Ruperta,CHERRETT,rcherrett@uni.edu,Female,27/04/1998,Mathematics,,Swimming
112-ec-8381,Eliot,SLOPIER,eslopier@uni.edu,Male,12/08/1996,Tourism & Catering,,Gymnastics
112-cd-5620,Eveleen,KHOMIN,ekhomin@uni.edu,Female,18/05/1996,Tourism & Catering,Kappa Xi,Martial Arts
111-bd-4054,Bernita,BONNER,bbonner@uni.edu,Genderqueer,03/08/1998,Biotechnology,Zeta Omega,
111-dd-2847,Averil,TRAPPE,atrappe@uni.edu,Agender,24/09/1997,Finance,,Swimming
111-cd-4605,Brodie,WILBORE,bwilbore@uni.edu,Female,15/07/1998,Medicine,,
111-be-6461,Ingrim,GOODALL,igoodall@uni.edu,Bigender,25/08/1997,Finance,Delta Magnus,Volleyball
111-fb-7053,Emmeline,RAWLINS,erawlins@uni.edu,Male,27/07/1997,Architecture,,Martial Arts
111-af-5599,Chadd,JAKEMAN,cjakeman@uni.edu,Female,25/01/1996,Art & Culture,,Swimming
112-af-9886,Harrie,CORDELET,hcordelet@uni.edu,Bigender,21/06/1998,Finance,Kappa Xi,Basketball
112-aa-4988,Udall,DUNN,udunn@uni.edu,Female,22/11/1998,Art & Culture,,Gymnastics
111-ea-2863,Alverta,PARADE,aparade@uni.edu,Female,03/03/1996,Art & Culture,,Tennis
111-bd-6880,Aurora,LINDEN,alinden@uni.edu,Female,16/05/1997,Computer Science,,Gymnastics
112-ba-2858,Wyndham,TREVETT,wtrevett@uni.edu,Female,13/11/1996,Computer Science,Tau Picore,Basketball
112-fe-6594,Lavena,MACALISTER,lmacalister@uni.edu,Male,22/03/1996,Biotechnology,,Hockey
111-ef-7541,Charisse,THURLBOURNE,cthurlbourne@uni.edu,Male,04/05/1997,Chemistry,,Volleyball
112-cb-1730,Dacey,TARBARD,dtarbard@uni.edu,Female,20/05/1997,Biotechnology,Beta Mu,
112-dc-7566,Wrennie,TANTON,wtanton@uni.edu,Male,21/07/1996,Medicine,Tau Picore,Gymnastics
112-ef-2257,Ada,FRIZELL,afrizell@uni.edu,Male,28/04/1998,Physics,Kappa Xi,Volleyball
111-cb-8457,Radcliffe,NOKE,rnoke@uni.edu,Male,14/12/1997,Tourism & Catering,Beta Mu,Volleyball
112-dd-1695,Lotty,CLOWNEY,lclowney@uni.edu,Female,22/05/1998,Gastronomy,Kappa Xi,Volleyball
111-fe-3542,Nikolai,TARR,ntarr@uni.edu,Non-binary,20/11/1998,Art & Culture,Pi Gamma Rho,Basketball
111-cc-7509,Odele,KNOWLSON,oknowlson@uni.edu,Genderqueer,26/09/1997,Architecture,Zeta Omega,
111-ba-3347,Roxie,HOLBORN,rholborn@uni.edu,Male,21/08/1997,Medicine,,Football
111-ae-3642,Shelton,OBEE,sobee@uni.edu,Female,24/09/1997,Art & Culture,,Tennis
112-ff-3797,Jonah,BIASIO,jbiasio@uni.edu,Male,31/10/1996,Computer Science,,
111-be-5994,Lishe,REUVEN,lreuven@uni.edu,Male,18/10/1996,History,,Tennis
112-bb-5640,Sibyl,M'CHIRRIE,smchirrie@uni.edu,Non-binary,21/02/1997,Gastronomy,,Tennis
112-dc-9020,Myrlene,JEFFRAY,mjeffray@uni.edu,Male,14/01/1996,IT,,Basketball
111-ba-6709,Jacob,BULFORD,jbulford@uni.edu,Genderqueer,28/07/1998,Biotechnology,Delta Magnus,Gymnastics
112-cf-8620,Burlie,ROWES,browes@uni.edu,Female,19/09/1998,Art & Culture,Beta Mu,
112-cf-2143,Ware,ARNE,warne@uni.edu,Genderfluid,11/06/1997,Art & Culture,Delta Magnus,Football
112-fc-9349,Noelle,SCRAGG,nscragg@uni.edu,Female,27/06/1998,Finance,,Martial Arts
112-ac-2128,Abram,MIZZI,amizzi@uni.edu,Female,29/10/1996,Journalism,,Tennis
112-bd-2922,Silvano,LOUGH,slough@uni.edu,Genderfluid,26/10/1996,Computer Science,,Swimming
111-cc-6816,Kimmy,FAIRWEATHER,kfairweather@uni.edu,Male,13/08/1997,Law,Zeta Omega,
112-ce-6609,Saxe,EAKLEY,seakley@uni.edu,Genderqueer,04/12/1998,History,,Swimming
112-fd-9532,Suellen,BAYLEY,sbayley@uni.edu,Male,25/06/1996,IT,,Basketball
112-bf-6843,Rubia,BATTISTA,rbattista@uni.edu,Male,29/05/1997,Engineering,,
111-ef-4835,Brand,SHILL,bshill@uni.edu,Male,13/06/1997,Chemistry,Tau Picore,Basketball
112-ab-3614,Harp,MATTSCHAS,hmattschas@uni.edu,Female,20/03/1997,Art & Culture,,
111-df-8741,Cobb,MCALLAN,cmcallan@uni.edu,Female,04/03/1997,History,Beta Mu,Hockey
112-bb-2796,Maxy,BALLANTINE,mballantine@uni.edu,Male,16/12/1996,Journalism,Nu Psi Lambda,
111-de-4920,Devlen,LABROW,dlabrow@uni.edu,Male,09/02/1996,Gastronomy,,
112-cd-3479,Stavro,PRAYER,sprayer@uni.edu,Male,21/05/1997,Art & Culture,Delta Magnus,Gymnastics
111-ff-5993,Raddie,RATRAY,rratray@uni.edu,Female,01/08/1998,Tourism & Catering,Kappa Xi,Volleyball
112-ec-1636,Lettie,HANNY,lhanny@uni.edu,Male,13/11/1998,Finance,,
112-ec-5289,Rolf,STUDART,rstudart@uni.edu,Male,23/12/1997,Computer Science,Zeta Omega,Volleyball
112-dd-1165,Keenan,GLAVIS,kglavis@uni.edu,Female,15/11/1998,Art & Culture,,Volleyball
111-bc-9954,Wallis,ENRRICO,wenrrico@uni.edu,Female,20/03/1997,Medicine,,Tennis
111-dc-2996,Brittaney,HOUGHT,bhought@uni.edu,Male,16/02/1996,Psychology,,
111-dc-1928,Meghann,BRAIDFORD,mbraidford@uni.edu,Male,22/09/1998,Biotechnology,Pi Gamma Rho,
111-af-7399,Chicky,BERTOMIER,cbertomier@uni.edu,Non-binary,19/06/1998,Mathematics,Kappa Xi,Tennis
111-fe-2585,Zeke,MALIA,zmalia@uni.edu,Female,06/06/1998,Finance,,
112-cc-6247,Morten,EPELETT,mepelett@uni.edu,Female,12/12/1996,Chemistry,,Swimming
111-fb-7387,Bibbie,MATHET,bmathet@uni.edu,Male,30/04/1996,Engineering,,Swimming
111-ef-9880,Godiva,THOWLESS,gthowless@uni.edu,Female,21/12/1997,History,,Volleyball
111-df-8711,Pieter,WATTINGHAM,pwattingham@uni.edu,Female,22/05/1998,Architecture,Tau Picore,Volleyball
112-fb-6152,Roth,ILLEM,rillem@uni.edu,Male,04/09/1997,Mathematics,Nu Psi Lambda,Football
112-ef-3675,Dora,WOOLMER,dwoolmer@uni.edu,Female,21/06/1997,Chemistry,,Tennis
112-bc-1934,Thatcher,HUCKNALL,thucknall@uni.edu,Female,27/04/1998,Gastronomy,,
112-fa-3031,Elyse,JURA,ejura@uni.edu,Male,01/10/1996,Law,,
111-fd-5088,Felizio,ALDCORNE,faldcorne@uni.edu,Female,10/01/1998,Mathematics,,Basketball
111-dd-7227,Stormy,SLY,ssly@uni.edu,Female,29/12/1998,Tourism & Catering,,
112-bd-8146,Barbey,ROYCROFT,broycroft@uni.edu,Male,01/11/1998,Engineering,,Basketball
112-cb-5260,Patin,MCCOLGAN,pmccolgan@uni.edu,Male,19/02/1996,IT,,Swimming
111-ef-3399,Pammie,DOHR,pdohr@uni.edu,Genderfluid,11/02/1997,Business Administration,Pi Gamma Rho,Gymnastics
112-cf-9623,Tomkin,SAWTER,tsawter@uni.edu,Female,15/05/1996,Psychology,,
111-ab-6839,Wilhelmine,CESTARD,wcestard@uni.edu,Male,02/10/1998,Mathematics,Nu Psi Lambda,
112-ca-3232,Murdock,BRUNROTH,mbrunroth@uni.edu,Genderqueer,08/05/1996,IT,,Hockey
112-ef-4547,Mata,SENETT,msenett@uni.edu,Male,15/03/1998,Architecture,Zeta Omega,Tennis
111-da-7473,Jeniece,SHARD,jshard@uni.edu,Male,22/03/1998,Art & Culture,,Basketball
111-ac-4306,Ramsey,MCINTEE,rmcintee@uni.edu,Male,27/04/1997,Engineering,,
111-dc-4153,Robbert,ENGEL,rengel@uni.edu,Female,13/02/1998,Tourism & Catering,,Hockey
111-dc-8583,Ekaterina,COMMINS,ecommins@uni.edu,Male,22/11/1996,Art & Culture,,Gymnastics
111-ce-8445,Margo,MIDDLEBROOK,mmiddlebrook@uni.edu,Female,07/03/1996,Medicine,,
112-ff-7901,Philis,ORWIN,porwin@uni.edu,Female,29/01/1997,Finance,,
112-dc-2590,Chad,FERRIS,cferris@uni.edu,Male,05/12/1996,Litterature & Linguistics,,
112-dd-9335,Devan,BAUKHAM,dbaukham@uni.edu,Female,29/03/1996,History,,Basketball
112-aa-7727,Anetta,BRELSFORD,abrelsford@uni.edu,Bigender,08/04/1997,Journalism,Kappa Xi,
112-fb-3006,Lurette,BRUMHEAD,lbrumhead@uni.edu,Male,30/11/1998,IT,Pi Gamma Rho,Tennis
112-cf-5561,Chrissy,STEGGLES,csteggles@uni.edu,Female,03/09/1996,Biotechnology,,Martial Arts
111-da-3317,Vaclav,JOWETT,vjowett@uni.edu,Male,01/11/1998,Psychology,Nu Psi Lambda,Basketball
111-da-4614,Kamillah,SIMONY,ksimony@uni.edu,Female,12/02/1996,Tourism & Catering,Kappa Xi,Martial Arts
112-dc-8609,Crystal,ITZKOV,citzkov@uni.edu,Female,27/09/1997,Medicine,Beta Mu,
111-cb-6944,Dorthea,PICKERING,dpickering@uni.edu,Female,03/07/1998,Art & Culture,Kappa Xi,
111-af-5223,Staffard,KEEPING,skeeping@uni.edu,Male,02/03/1996,Art & Culture,,Basketball
111-cc-6561,Henderson,GAHAGAN,hgahagan@uni.edu,Female,23/05/1997,Art & Culture,,
112-bc-3672,Jessee,KINSON,jkinson@uni.edu,Female,13/02/1998,Finance,,
111-cd-5861,Dew,FURTADO,dfurtado@uni.edu,Female,13/02/1998,History,Tau Picore,Martial Arts
112-de-3555,Myrwyn,PETYAKOV,mpetyakov@uni.edu,Female,08/03/1996,Computer Science,Tau Picore,Volleyball
112-ec-9537,Adoree,GENERY,agenery@uni.edu,Female,03/03/1998,Art & Culture,,
111-ee-2421,Louisa,STARFORD,lstarford@uni.edu,Female,15/05/1996,Engineering,Tau Picore,Gymnastics
112-bf-6260,Panchito,WEAR,pwear@uni.edu,Female,16/08/1997,Medicine,,Gymnastics
112-ab-6350,Gwyneth,RABJOHNS,grabjohns@uni.edu,Male,13/05/1998,Computer Science,,Gymnastics
112-df-6447,Jelene,DUDDLE,jduddle@uni.edu,Male,03/03/1996,Journalism,Beta Mu,Tennis
112-aa-8243,Ailbert,MACANE,amacane@uni.edu,Female,28/03/1997,History,,
112-ab-8862,Lenard,DREWET,ldrewet@uni.edu,Male,13/11/1997,Architecture,Nu Psi Lambda,Volleyball
111-ca-8090,Nannie,STEPTO,nstepto@uni.edu,Female,31/07/1997,Finance,,Volleyball
112-ea-1921,Mariam,FORRINGTON,mforrington@uni.edu,Female,13/12/1996,Gastronomy,Kappa Xi,Basketball
112-cf-4866,Cassandra,MULLER,cmuller@uni.edu,Genderfluid,23/08/1998,Biotechnology,,Hockey
112-aa-3423,Thelma,SKOTCHER,tskotcher@uni.edu,Male,08/03/1996,Medicine,,Basketball
112-ad-8799,Walker,DONAGHIE,wdonaghie@uni.edu,Female,30/01/1998,Psychology,,
111-aa-2017,Anastassia,MAGINN,amaginn@uni.edu,Female,02/03/1997,Litterature & Linguistics,,
111-ac-8574,Karola,RATHBOURNE,krathbourne@uni.edu,Female,15/04/1997,Law,,Hockey
112-bd-1459,Dalis,BOSNELL,dbosnell@uni.edu,Female,20/12/1998,Medicine,,Gymnastics
111-fc-9823,Judie,SEATTER,jseatter@uni.edu,Male,28/12/1998,Gastronomy,Pi Gamma Rho,Gymnastics
111-ad-8749,Kellen,NATON,knaton@uni.edu,Male,26/06/1996,History,Zeta Omega,
112-fe-2489,Hinze,FROSCH,hfrosch@uni.edu,Male,07/03/1997,Business Administration,,Basketball
111-db-3206,Jolyn,GORTHY,jgorthy@uni.edu,Female,04/01/1998,History,,
111-ff-7006,Erroll,BOYDELL,eboydell@uni.edu,Female,16/02/1998,Biotechnology,,Hockey
111-be-5797,Briny,ELGOOD,belgood@uni.edu,Female,18/11/1996,Finance,,Hockey
111-fe-6206,Edith,DEESON,edeeson@uni.edu,Female,12/01/1996,Journalism,,
111-dc-6515,Eziechiele,DACHS,edachs@uni.edu,Polygender,10/11/1998,Business Administration,,Tennis
111-bc-6288,Ivy,FINNIS,ifinnis@uni.edu,Male,29/06/1996,Psychology,,
111-bd-7236,Jerrylee,TREHARNE,jtreharne@uni.edu,Male,01/12/1998,Biotechnology,,Martial Arts
112-ea-6991,Alfie,MULLINDER,amullinder@uni.edu,Female,05/02/1997,IT,Tau Picore,
111-bd-2969,Alexandrina,SAVINE,asavine@uni.edu,Male,12/04/1997,Tourism & Catering,Nu Psi Lambda,
112-cb-3207,Thor,BARTOLOMA,tbartoloma@uni.edu,Male,20/10/1998,Physics,,Gymnastics
112-ec-3277,Roslyn,SEAKING,rseaking@uni.edu,Male,07/09/1997,History,,Tennis
112-fe-3318,Clark,DUERDIN,cduerdin@uni.edu,Polygender,13/07/1996,Litterature & Linguistics,Pi Gamma Rho,Tennis
111-fa-5081,Gustaf,ZANRE,gzanre@uni.edu,Agender,03/06/1997,Mathematics,,Gymnastics
111-ef-2119,Brenna,MCVANE,bmcvane@uni.edu,Non-binary,26/02/1997,Law,Pi Gamma Rho,Gymnastics
111-ed-6104,Minda,GOPSILL,mgopsill@uni.edu,Female,10/11/1996,History,,Tennis
111-fd-4632,Gilemette,GILHOOLEY,ggilhooley@uni.edu,Female,04/03/1996,History,,Gymnastics
111-dc-9693,Bartholemy,GALBRETH,bgalbreth@uni.edu,Male,16/06/1996,Physics,,Hockey
111-ff-7062,Alex,AVERIES,aaveries@uni.edu,Male,23/09/1996,Biotechnology,,
112-ce-8261,Larine,RIVE,lrive@uni.edu,Female,11/12/1997,Biotechnology,,
111-df-3127,Sax,MACCAHEY,smaccahey@uni.edu,Female,24/05/1996,Business Administration,Beta Mu,
112-fb-6063,Ester,CORNBELL,ecornbell@uni.edu,Male,25/07/1997,IT,,
111-bd-7060,Dorisa,GURTON,dgurton@uni.edu,Male,31/07/1998,Medicine,Delta Magnus,Gymnastics
111-be-4871,Issy,MAROUSEK,imarousek@uni.edu,Agender,18/07/1998,Law,,
112-bd-7340,Curry,KEYND,ckeynd@uni.edu,Female,09/04/1998,Chemistry,,
111-bb-1880,Elicia,FOTHERINGHAM,efotheringham@uni.edu,Agender,26/05/1996,Engineering,,
112-eb-9992,Shelden,MATTKE,smattke@uni.edu,Female,19/12/1997,History,,
112-eb-6303,Eugene,DICKSON,edickson@uni.edu,Genderqueer,14/08/1998,Engineering,,Swimming
112-db-6111,Josephina,GERIN,jgerin@uni.edu,Female,19/12/1997,Computer Science,Beta Mu,Volleyball
112-eb-1325,Yvette,BLAKELY,yblakely@uni.edu,Polygender,15/02/1997,Biotechnology,Zeta Omega,
112-cc-3833,Pauly,ANTHILL,panthill@uni.edu,Male,07/09/1996,Computer Science,,
111-ea-8367,Shelley,FELDHARKER,sfeldharker@uni.edu,Male,08/08/1998,Computer Science,,Hockey
111-ef-3089,Betti,HALDANE,bhaldane@uni.edu,Male,26/11/1997,Tourism & Catering,Delta Magnus,
111-ce-3373,Gael,GIROGETTI,ggirogetti@uni.edu,Male,09/10/1998,Business Administration,Zeta Omega,Gymnastics
112-df-5918,Madalyn,STRYDE,mstryde@uni.edu,Male,19/10/1997,Finance,Delta Magnus,Football
112-cc-8696,Dael,PAWLETT,dpawlett@uni.edu,Male,16/03/1996,Gastronomy,,
111-bf-7276,Davin,HOLDALL,dholdall@uni.edu,Female,06/07/1996,Litterature & Linguistics,,Gymnastics
111-ce-5934,Richmound,MAULIN,rmaulin@uni.edu,Male,06/10/1997,Computer Science,Tau Picore,Football
111-ed-7885,Bunnie,LEVINGS,blevings@uni.edu,Female,05/06/1998,Engineering,Beta Mu,Hockey
111-eb-2865,Stephani,HAVESIDES,shavesides@uni.edu,Male,17/06/1998,Computer Science,,
111-bb-9734,Maurie,SHARRAM,msharram@uni.edu,Female,23/07/1998,Art & Culture,,Volleyball
111-bf-9878,Flemming,BRIDGLAND,fbridgland@uni.edu,Female,22/01/1996,Architecture,Kappa Xi,
111-ce-6861,Jamal,KINGHORN,jkinghorn@uni.edu,Polygender,26/07/1996,Gastronomy,Delta Magnus,Martial Arts
111-ed-6369,Gian,TWENTYMAN,gtwentyman@uni.edu,Female,27/04/1998,Litterature & Linguistics,Beta Mu,
111-ef-1796,Juan,SLEENY,jsleeny@uni.edu,Male,25/10/1997,Computer Science,,
111-fe-4857,Buck,DUIGAN,bduigan@uni.edu,Female,15/12/1998,Biotechnology,,
111-ab-7290,Giorgia,ARONOWICZ,garonowicz@uni.edu,Female,08/11/1997,Law,,
112-bc-8374,Kippie,KIRSTEIN,kkirstein@uni.edu,Male,31/01/1996,Physics,Zeta Omega,Martial Arts
112-ae-2285,Sharity,TRYME,stryme@uni.edu,Male,28/10/1998,IT,,Hockey
112-fc-8152,Eustacia,TIERY,etiery@uni.edu,Female,08/08/1996,Litterature & Linguistics,Kappa Xi,Basketball
112-db-4584,Erskine,HUBBOCK,ehubbock@uni.edu,Male,06/07/1996,Litterature & Linguistics,Delta Magnus,
112-fb-1584,Allison,BIRCHWOOD,abirchwood@uni.edu,Female,02/02/1998,History,,Tennis
111-da-2427,Thane,MOUGEOT,tmougeot@uni.edu,Male,14/07/1996,Law,,Swimming
112-ec-4029,Aldwin,SYDRY,asydry@uni.edu,Female,23/10/1998,Medicine,,Basketball
111-de-5175,Davie,WOOLER,dwooler@uni.edu,Female,04/02/1998,Finance,Kappa Xi,Basketball
111-fe-4533,Richmond,SELF,rself@uni.edu,Female,01/05/1997,Medicine,,Hockey
112-ec-7314,Ally,CRIPPS,acripps@uni.edu,Female,05/05/1996,IT,Beta Mu,Tennis
111-ea-9264,Kristina,KASMAN,kkasman@uni.edu,Male,10/04/1998,Tourism & Catering,,
111-cd-7903,Angelica,KEETS,akeets@uni.edu,Male,23/03/1997,IT,Pi Gamma Rho,Martial Arts
112-cc-9293,Maurise,FITT,mfitt@uni.edu,Male,25/11/1997,Law,Delta Magnus,Tennis
111-fe-7155,Ravid,LACHEZE,rlacheze@uni.edu,Female,22/12/1996,Litterature & Linguistics,,
111-ff-5811,Anallese,KYNSTON,akynston@uni.edu,Male,09/10/1996,Chemistry,Pi Gamma Rho,
111-cb-1181,Lek,BORTOLUSSI,lbortolussi@uni.edu,Female,03/03/1997,Litterature & Linguistics,Kappa Xi,Hockey
112-ed-1396,Perkin,CORNALL,pcornall@uni.edu,Male,16/04/1998,Psychology,Delta Magnus,
111-de-7091,Valentia,LEWINS,vlewins@uni.edu,Bigender,11/06/1998,Biotechnology,Nu Psi Lambda,
112-ef-3897,Nial,RYE,nrye@uni.edu,Female,09/05/1996,Physics,,
112-ca-1568,Pamela,DELL CASA,pdellcasa@uni.edu,Male,15/11/1996,Computer Science,Delta Magnus,Swimming
111-ee-5099,Zarah,RENDELL,zrendell@uni.edu,Female,11/08/1998,Computer Science,Beta Mu,Hockey
111-ae-9072,Hugh,MCGLEW,hmcglew@uni.edu,Female,24/11/1998,Medicine,,Martial Arts
112-fa-1325,Reuven,CUMBERLEDGE,rcumberledge@uni.edu,Male,24/07/1997,Biotechnology,,Basketball
111-fc-6221,Gwendolin,ABERCROMBIE,gabercrombie@uni.edu,Female,09/03/1996,Medicine,,
112-dd-1842,Sibley,WEY,swey@uni.edu,Female,20/04/1997,Business Administration,,
112-fd-9189,Marjorie,O'COSKERRY,mocoskerry@uni.edu,Male,25/10/1996,Mathematics,Kappa Xi,
111-fb-6852,Johna,CRUNKHORN,jcrunkhorn@uni.edu,Female,09/05/1997,Chemistry,Beta Mu,Tennis
112-ad-4473,Bartel,INSALL,binsall@uni.edu,Female,26/04/1997,Psychology,,Basketball
111-ad-6466,Ajay,MC KELLEN,amckellen@uni.edu,Bigender,02/06/1998,Journalism,Zeta Omega,
112-eb-9384,Dietrich,LACKNER,dlackner@uni.edu,Female,27/12/1998,Finance,,
112-bb-4241,Daniela,PENNONE,dpennone@uni.edu,Female,23/12/1997,Physics,Tau Picore,Volleyball
112-eb-6428,Stephana,FETTERS,sfetters@uni.edu,Male,26/03/1997,IT,,Football
112-bb-3407,Alfons,ZECCHINI,azecchini@uni.edu,Genderfluid,25/04/1998,Computer Science,,Football
111-ab-7938,Sharia,GIORGESCHI,sgiorgeschi@uni.edu,Male,14/05/1996,Computer Science,,Gymnastics
111-ec-2994,Neils,CROSE,ncrose@uni.edu,Male,18/05/1996,Engineering,Beta Mu,
112-ef-8970,Torre,BAUDASSO,tbaudasso@uni.edu,Male,04/09/1996,Computer Science,,Swimming
112-cb-9524,Courtenay,DODING,cdoding@uni.edu,Female,10/03/1998,Biotechnology,,
112-ce-5018,Joice,YIRRELL,jyirrell@uni.edu,Female,26/05/1997,Medicine,Beta Mu,Hockey
111-ca-3194,Deeanne,EVILL,devill@uni.edu,Male,07/09/1996,Gastronomy,,Football
112-da-5709,Diane,TACKELL,dtackell@uni.edu,Female,07/12/1997,Art & Culture,,
111-dc-8689,Camella,JURRIES,cjurries@uni.edu,Male,30/03/1996,Medicine,Kappa Xi,Volleyball
112-bf-4899,Vittorio,LUDLEM,vludlem@uni.edu,Male,06/09/1998,IT,Beta Mu,Volleyball
112-dd-9832,Jorey,LARMUTH,jlarmuth@uni.edu,Male,17/07/1997,Gastronomy,Zeta Omega,Basketball
111-ea-8619,Phillip,GUYER,pguyer@uni.edu,Male,13/06/1996,History,Tau Picore,Martial Arts
112-db-7452,Ceciley,COTTERELL,ccotterell@uni.edu,Male,27/02/1997,Mathematics,,Football
112-ec-9668,Elly,PRIESTMAN,epriestman@uni.edu,Female,20/07/1998,Chemistry,,Swimming
112-ae-4432,Rourke,TOWNSHEND,rtownshend@uni.edu,Female,24/03/1996,Engineering,Kappa Xi,Gymnastics
111-fa-2665,Tymon,ANTONOV,tantonov@uni.edu,Male,26/07/1997,History,,
112-ef-9237,Felix,FORTUNE,ffortune@uni.edu,Male,12/08/1996,Tourism & Catering,Pi Gamma Rho,Tennis
112-ee-4589,Liz,NIJSSEN,lnijssen@uni.edu,Female,12/03/1997,Psychology,,Volleyball
111-dc-3358,Tiler,KAINZ,tkainz@uni.edu,Male,24/06/1998,Biotechnology,Pi Gamma Rho,Martial Arts
111-ab-9835,Millie,ARISS,mariss@uni.edu,Female,12/01/1998,Litterature & Linguistics,,Gymnastics
112-ff-3863,Thornie,LANGELAY,tlangelay@uni.edu,Female,28/07/1996,Mathematics,,Tennis
111-ea-4942,Stacee,BURCH,sburch@uni.edu,Female,06/04/1996,Chemistry,,Hockey
111-ce-9423,Charin,NORTON,cnorton@uni.edu,Female,24/07/1998,Journalism,Kappa Xi,
112-cb-8080,Ethelred,OXBE,eoxbe@uni.edu,Male,15/09/1996,Physics,Nu Psi Lambda,Basketball
112-ff-2118,Mae,FARGIE,mfargie@uni.edu,Female,11/10/1996,Finance,Tau Picore,Hockey
111-ac-7002,Hansiain,HINZER,hhinzer@uni.edu,Polygender,03/10/1996,IT,,Tennis
112-ea-4836,Townsend,RAMBLE,tramble@uni.edu,Male,02/12/1997,IT,Delta Magnus,Basketball
111-ac-7027,Salome,DYKA,sdyka@uni.edu,Male,03/05/1996,Art & Culture,,Hockey
112-db-8469,Lyman,GERRETT,lgerrett@uni.edu,Male,18/03/1997,Law,,
111-da-5802,Sandi,PUDSALL,spudsall@uni.edu,Male,21/11/1997,Gastronomy,,Martial Arts
112-ad-7696,Shel,BELTZNER,sbeltzner@uni.edu,Female,15/02/1998,Chemistry,,Martial Arts
111-eb-1913,Kylie,FERRAN,kferran@uni.edu,Female,23/12/1996,Biotechnology,,
111-ee-6059,Danell,LAKIN,dlakin@uni.edu,Female,05/04/1997,Tourism & Catering,Kappa Xi,
112-fe-2867,Hoyt,STICKLER,hstickler@uni.edu,Male,15/02/1998,IT,Nu Psi Lambda,Basketball
111-ba-1489,Kesley,VERBRUGGE,kverbrugge@uni.edu,Male,16/06/1996,Journalism,,Swimming
111-cb-2320,Esther,TOUR,etour@uni.edu,Female,02/01/1997,Law,Kappa Xi,
111-bc-9671,Norry,COWAN,ncowan@uni.edu,Genderfluid,08/02/1996,Law,Delta Magnus,Martial Arts
111-be-3694,Jennee,HALDENE,jhaldene@uni.edu,Male,10/07/1997,Biotechnology,,Martial Arts
111-de-4050,Nona,FERDINAND,nferdinand@uni.edu,Female,16/04/1998,IT,Beta Mu,
111-dc-7184,Kipper,GOUGH,kgough@uni.edu,Female,12/03/1997,Law,Kappa Xi,
111-cb-4222,Carlotta,BIRCHNER,cbirchner@uni.edu,Male,15/01/1996,Business Administration,Nu Psi Lambda,Basketball
112-fd-5679,Rozalie,DISBREY,rdisbrey@uni.edu,Genderfluid,30/10/1996,Biotechnology,Kappa Xi,
111-fc-2975,Allegra,BETTERTON,abetterton@uni.edu,Male,23/01/1996,Business Administration,,
111-ca-2616,Christoffer,GRADON,cgradon@uni.edu,Female,11/02/1998,Art & Culture,,Gymnastics
111-fd-2483,Kippie,EILHERTSEN,keilhertsen@uni.edu,Female,12/11/1997,Psychology,,
111-db-5872,Florrie,BLACKALLER,fblackaller@uni.edu,Male,08/07/1998,Tourism & Catering,,
111-de-9899,Viv,WORGE,vworge@uni.edu,Male,27/06/1997,Physics,,
112-bc-7634,Onida,WHILDE,owhilde@uni.edu,Male,16/11/1996,Medicine,Beta Mu,Martial Arts
112-df-8260,Binni,D'ADAMO,bdadamo@uni.edu,Female,29/11/1998,Medicine,Beta Mu,Hockey
111-df-7303,Bendite,CECCHETELLI,bcecchetelli@uni.edu,Female,25/10/1996,Physics,,Swimming
111-cb-6117,Teddi,CAULWELL,tcaulwell@uni.edu,Female,14/09/1997,Law,,Volleyball
112-ce-9258,Forester,GARTENFELD,fgartenfeld@uni.edu,Male,12/10/1997,Finance,,Swimming
112-ba-2211,Rona,RODER,rroder@uni.edu,Genderqueer,09/04/1996,Litterature & Linguistics,,Gymnastics
111-cb-6866,Kata,WILLIS,kwillis@uni.edu,Female,12/01/1996,Art & Culture,Tau Picore,Basketball
111-ac-4653,Oren,FAIRNIE,ofairnie@uni.edu,Bigender,29/10/1997,Business Administration,Delta Magnus,Basketball
112-fc-1781,Kellen,CHSTENEY,kchsteney@uni.edu,Female,24/09/1998,Medicine,Beta Mu,Gymnastics
111-cf-8796,Codi,PRIEL,cpriel@uni.edu,Female,12/11/1998,Medicine,Beta Mu,Hockey
112-aa-8485,Karisa,BRADBURNE,kbradburne@uni.edu,Female,17/08/1996,Litterature & Linguistics,,Tennis
112-af-7050,Fergus,CONNOR,fconnor@uni.edu,Male,18/11/1998,Engineering,Nu Psi Lambda,Martial Arts
112-bd-6676,Robert,CALDERO,rcaldero@uni.edu,Female,05/04/1998,Tourism & Catering,Tau Picore,Volleyball
111-fa-2107,Tiffie,WALLMAN,twallman@uni.edu,Female,08/03/1997,Psychology,,
111-fc-9432,Aylmar,CREADY,acready@uni.edu,Male,05/03/1997,Law,,
111-fd-1519,Ginger,COLLOUGH,gcollough@uni.edu,Female,12/03/1996,Engineering,,Hockey
112-fc-3234,Gerrilee,BERZEN,gberzen@uni.edu,Male,27/02/1997,Psychology,,
111-dc-8579,Dawn,HAVILE,dhavile@uni.edu,Agender,01/12/1997,Law,Delta Magnus,Tennis
112-ca-9242,Stafani,BREWETT,sbrewett@uni.edu,Female,07/02/1998,Art & Culture,,
112-db-9072,Neron,BARTLOMIECZAK,nbartlomieczak@uni.edu,Non-binary,23/03/1997,Psychology,Tau Picore,Tennis
111-aa-3870,Emeline,MILLIS,emillis@uni.edu,Female,04/01/1997,Tourism & Catering,Kappa Xi,
111-ad-7747,Arlene,SMITTEN,asmitten@uni.edu,Male,22/01/1996,Medicine,,Hockey
111-fc-9451,Nisse,BOURGET,nbourget@uni.edu,Female,25/02/1998,Litterature & Linguistics,,Volleyball
112-ee-6174,Karel,DE GIORGI,kdegiorgi@uni.edu,Female,04/08/1998,Litterature & Linguistics,,
111-ce-8662,Bianka,DOVER,bdover@uni.edu,Male,28/12/1996,Litterature & Linguistics,Beta Mu,Martial Arts
111-ab-8861,Luella,BERNLI,lbernli@uni.edu,Female,12/12/1998,History,,Gymnastics
111-dd-5544,Luca,LAUGHTON,llaughton@uni.edu,Female,08/04/1997,Mathematics,Tau Picore,
112-bd-6059,Lusa,KIRVIN,lkirvin@uni.edu,Female,11/11/1997,Psychology,Kappa Xi,Hockey
112-ab-4832,Anitra,RAFFAN,araffan@uni.edu,Female,15/04/1997,IT,,Volleyball
112-bc-5640,Ellie,WHERRETT,ewherrett@uni.edu,Female,16/04/1996,Litterature & Linguistics,Beta Mu,Gymnastics
111-be-7671,Zorah,TONKIN,ztonkin@uni.edu,Genderqueer,19/05/1996,Engineering,,Swimming
111-ce-9496,Gayle,MUSTERD,gmusterd@uni.edu,Female,22/04/1996,IT,Tau Picore,Basketball
112-dc-2685,Ulric,WABERSICH,uwabersich@uni.edu,Male,01/08/1997,Mathematics,,Football
111-dd-8793,Eustacia,IZACENKO,eizacenko@uni.edu,Male,10/03/1998,Psychology,Zeta Omega,Basketball
112-fe-7522,Lew,RENN,lrenn@uni.edu,Male,10/11/1997,Mathematics,,Volleyball
112-de-1999,Jyoti,BROSH,jbrosh@uni.edu,Female,29/05/1998,Psychology,,Volleyball
112-ab-1728,Boothe,HINCHON,bhinchon@uni.edu,Female,07/02/1998,Art & Culture,Beta Mu,Martial Arts
112-ae-7543,Worth,COLLIAR,wcolliar@uni.edu,Male,04/06/1997,IT,,
111-dd-3272,Gaelan,CRASKE,gcraske@uni.edu,Male,24/03/1997,Tourism & Catering,Tau Picore,
111-de-7245,Reade,HEAD,rhead@uni.edu,Female,19/03/1996,Business Administration,,Tennis
111-ab-7557,Broddy,CHALDER,bchalder@uni.edu,Male,06/08/1998,IT,,Martial Arts
111-fb-1969,Yul,HITSCHER,yhitscher@uni.edu,Female,18/05/1996,Architecture,,Volleyball
112-db-5917,Winny,GIBBEN,wgibben@uni.edu,Female,15/12/1997,Art & Culture,,Tennis
112-ac-4633,Muhammad,LUCIO,mlucio@uni.edu,Female,03/03/1998,Psychology,,Volleyball
111-ca-3990,Ginger,PITTLE,gpittle@uni.edu,Female,01/01/1998,Litterature & Linguistics,Tau Picore,
111-cd-3704,Leda,GEMEAU,lgemeau@uni.edu,Female,17/09/1996,Tourism & Catering,,Hockey
111-db-5587,Cece,COLEY,ccoley@uni.edu,Male,30/10/1996,Biotechnology,,Football
111-cd-4615,Rudy,GIANIELLO,rgianiello@uni.edu,Female,09/07/1997,Biotechnology,Tau Picore,
112-ee-9362,Romola,THACKERAY,rthackeray@uni.edu,Female,14/12/1997,Art & Culture,,Hockey
112-aa-8776,Revkah,JELLY,rjelly@uni.edu,Female,02/06/1998,Business Administration,,Gymnastics
111-bc-8819,Carlyn,SPROUL,csproul@uni.edu,Male,26/04/1996,IT,Beta Mu,Martial Arts
111-df-2126,Georgie,KLEINHAUSEN,gkleinhausen@uni.edu,Male,22/03/1997,Architecture,Zeta Omega,Hockey
112-eb-5381,Mariann,KILLICK,mkillick@uni.edu,Male,19/02/1998,Engineering,,Martial Arts
111-ef-2361,Reinhold,FEYE,rfeye@uni.edu,Female,10/12/1997,Art & Culture,,Hockey
111-af-2503,Yehudi,SAMBALS,ysambals@uni.edu,Genderqueer,03/01/1997,Mathematics,,Football
111-bd-9165,Adelina,MCMYCHEM,amcmychem@uni.edu,Male,07/03/1998,Psychology,Zeta Omega,
111-ab-1940,Nels,STOBBIE,nstobbie@uni.edu,Male,30/12/1996,Law,,Basketball
111-ba-1753,Shir,NEWVELL,snewvell@uni.edu,Female,15/12/1998,Engineering,,Gymnastics
112-af-2961,Gabriel,MUNTON,gmunton@uni.edu,Male,17/05/1998,IT,Kappa Xi,Tennis
111-dc-2333,Colin,BOYEN,cboyen@uni.edu,Bigender,01/10/1996,Computer Science,,Tennis
112-ad-5989,Kerrie,BOYS,kboys@uni.edu,Male,19/12/1998,Finance,Zeta Omega,
111-cf-4702,Shanta,CASHFORD,scashford@uni.edu,Male,04/09/1996,Mathematics,,Football
112-bf-2482,Hedy,DENISOVO,hdenisovo@uni.edu,Female,09/01/1997,Tourism & Catering,,
112-cc-6340,Irvine,EVERSFIELD,ieversfield@uni.edu,Male,27/12/1998,Gastronomy,Zeta Omega,Gymnastics
112-fa-4972,Charlotte,FORESTEL,cforestel@uni.edu,Bigender,08/07/1996,Engineering,,Hockey
111-ac-7541,Sargent,DUFOUR,sdufour@uni.edu,Male,03/01/1997,Computer Science,,Swimming
111-af-7207,Jyoti,OTTER,jotter@uni.edu,Male,22/03/1998,Chemistry,Beta Mu,Martial Arts
112-ef-8711,Pepito,CARNOW,pcarnow@uni.edu,Male,13/05/1996,Medicine,Pi Gamma Rho,Swimming
112-fa-4270,Sean,BATEY,sbatey@uni.edu,Female,15/12/1996,Architecture,Beta Mu,
111-cd-2491,Alayne,RULTON,arulton@uni.edu,Female,12/03/1997,Medicine,Tau Picore,Swimming
111-bb-6544,Sharia,SHEARN,sshearn@uni.edu,Genderfluid,16/01/1997,IT,,
111-dd-6722,Noellyn,BERTOT,nbertot@uni.edu,Male,13/09/1996,IT,Nu Psi Lambda,
112-be-1383,Torry,O'CURNEEN,tocurneen@uni.edu,Female,21/03/1997,Tourism & Catering,,Hockey
112-ef-5484,Sissy,MONCKTON,smonckton@uni.edu,Female,18/11/1996,Litterature & Linguistics,Tau Picore,
111-dd-2867,Adah,GOULBORN,agoulborn@uni.edu,Male,01/03/1998,Mathematics,Pi Gamma Rho,
111-ce-9031,Karleen,PENSWICK,kpenswick@uni.edu,Male,26/12/1996,Finance,,Swimming
111-bc-9686,Starlene,LEGGING,slegging@uni.edu,Female,03/01/1996,Tourism & Catering,,Tennis
112-ac-6143,Nicky,ELGRAM,nelgram@uni.edu,Female,24/06/1997,Gastronomy,Kappa Xi,Swimming
112-ae-2713,Teodoro,DI MATTEO,tdimatteo@uni.edu,Female,02/06/1998,Physics,Tau Picore,Gymnastics
111-bb-8052,Britt,WHIPP,bwhipp@uni.edu,Male,12/08/1998,Journalism,,Hockey
112-ac-4155,Codi,BOOLER,cbooler@uni.edu,Female,03/07/1997,Art & Culture,,Swimming
111-ee-4791,Malissia,OGBORN,mogborn@uni.edu,Female,12/09/1998,Medicine,,Gymnastics
111-fd-6312,Betsey,ARNOWICZ,barnowicz@uni.edu,Male,02/08/1998,Business Administration,,
112-bb-4669,Jada,EFFNERT,jeffnert@uni.edu,Female,11/07/1998,Computer Science,,Swimming
112-fd-1925,El,GOPSILL,egopsill@uni.edu,Male,16/04/1998,Finance,Nu Psi Lambda,
111-ff-1864,Laurent,TREBBETT,ltrebbett@uni.edu,Male,14/10/1996,IT,,Football
111-ed-7572,Mart,GRIST,mgrist@uni.edu,Male,24/10/1997,Tourism & Catering,,
112-ea-6641,Kristina,NAND,knand@uni.edu,Female,19/06/1998,Computer Science,Kappa Xi,
112-bb-3004,Kit,LADELL,kladell@uni.edu,Female,12/09/1998,Engineering,Tau Picore,Gymnastics
111-ce-4129,Francisca,RAMELET,framelet@uni.edu,Polygender,01/08/1997,Psychology,Zeta Omega,
112-ef-3525,Maisey,CASTILLO,mcastillo@uni.edu,Non-binary,02/06/1996,IT,Beta Mu,Tennis
111-cc-7046,Ibrahim,HAMBERSTONE,ihamberstone@uni.edu,Female,28/03/1998,Finance,Tau Picore,
112-da-1108,Jodee,CAWT,jcawt@uni.edu,Female,21/03/1997,Art & Culture,,Hockey
111-fc-4961,Herb,CLULEE,hclulee@uni.edu,Male,23/03/1998,Finance,Delta Magnus,Basketball
112-da-6966,Marlowe,RAYNOR,mraynor@uni.edu,Female,27/10/1997,Business Administration,,
112-ab-3445,Roderic,MEATES,rmeates@uni.edu,Male,16/06/1996,Tourism & Catering,,Football
112-bf-6704,Antone,OLIVA,aoliva@uni.edu,Female,25/01/1996,Medicine,,Volleyball
112-ff-3410,Letti,IMORE,limore@uni.edu,Male,02/06/1997,Tourism & Catering,Kappa Xi,
111-db-5566,Helyn,COZZI,hcozzi@uni.edu,Male,07/08/1998,Biotechnology,,
111-df-2607,Cecile,SKINGLE,cskingle@uni.edu,Male,09/02/1998,Psychology,,Football
111-ed-6733,Maurise,NICKOLS,mnickols@uni.edu,Male,06/11/1996,Law,Nu Psi Lambda,
111-bc-3744,Bell,SPELLACY,bspellacy@uni.edu,Female,23/09/1997,Engineering,,
111-df-2695,Marybelle,GOMMES,mgommes@uni.edu,Non-binary,25/04/1998,Chemistry,,Volleyball
112-fc-5501,Brit,REUBLE,breuble@uni.edu,Male,16/07/1998,Law,,Basketball
112-fe-2659,Adriaens,FUZZARD,afuzzard@uni.edu,Female,24/07/1998,Biotechnology,,
112-af-6445,Garvey,MACTAGUE,gmactague@uni.edu,Female,04/03/1996,Business Administration,Kappa Xi,Hockey
111-de-8943,Tammie,NANCEKIVELL,tnancekivell@uni.edu,Female,26/04/1998,Finance,,
112-af-1198,Brigitte,DENNITTS,bdennitts@uni.edu,Male,16/01/1996,Engineering,,Basketball
111-ca-3262,Ali,GRAVESTONE,agravestone@uni.edu,Female,10/10/1998,Computer Science,Beta Mu,
111-de-8162,Caren,NORBURY,cnorbury@uni.edu,Male,06/11/1998,Computer Science,Delta Magnus,
112-aa-8201,Ryon,RIVELON,rrivelon@uni.edu,Bigender,15/12/1998,Physics,,Gymnastics
112-ce-6938,Romonda,LARMETT,rlarmett@uni.edu,Female,02/01/1998,Biotechnology,,
111-df-2014,Bryn,DERRICOAT,bderricoat@uni.edu,Female,05/05/1997,Litterature & Linguistics,Kappa Xi,Gymnastics
112-cc-8833,Cory,CCOMINI,cccomini@uni.edu,Male,12/07/1998,Computer Science,,Martial Arts
112-cf-9835,Marty,JOSILEVICH,mjosilevich@uni.edu,Male,23/03/1998,Chemistry,,
112-ce-4475,Taryn,WALTHO,twaltho@uni.edu,Female,16/05/1996,Psychology,Kappa Xi,Swimming
111-db-1009,Reese,LEGG,rlegg@uni.edu,Female,13/08/1997,Journalism,Kappa Xi,
111-aa-3108,Donna,BLACKBORN,dblackborn@uni.edu,Male,20/12/1997,Litterature & Linguistics,,Volleyball
112-dc-2847,My,HAWICK,mhawick@uni.edu,Female,19/08/1997,Computer Science,,Gymnastics
112-fc-7461,Syman,WYNTER,swynter@uni.edu,Female,04/04/1998,Medicine,,
112-ab-4177,Celestine,GOZZARD,cgozzard@uni.edu,Female,19/03/1998,Psychology,,Martial Arts
111-df-1752,Patten,BEST,pbest@uni.edu,Female,16/06/1998,Engineering,,Martial Arts
111-db-1162,Ali,DAVALL,adavall@uni.edu,Genderfluid,02/08/1998,IT,,Gymnastics
111-bb-3225,Cyrille,JEDUCH,cjeduch@uni.edu,Male,03/10/1996,Biotechnology,Delta Magnus,Hockey
112-ee-8907,Nelly,KATT,nkatt@uni.edu,Female,03/08/1996,Chemistry,,Tennis
112-bf-6006,Kriste,OSMAN,kosman@uni.edu,Male,12/05/1996,Engineering,,Martial Arts
112-fd-5245,Kalina,QUIMBY,kquimby@uni.edu,Female,15/07/1996,Art & Culture,Kappa Xi,Tennis
112-bb-9271,Silvano,LANCHBERY,slanchbery@uni.edu,Female,23/04/1996,Finance,Kappa Xi,Tennis
111-ce-1853,Tiffany,BURTENSHAW,tburtenshaw@uni.edu,Male,20/11/1997,Computer Science,,
112-ca-6881,Rosalinde,MILBURN,rmilburn@uni.edu,Male,02/11/1998,Litterature & Linguistics,Zeta Omega,
112-aa-7225,Teressa,BURGETT,tburgett@uni.edu,Male,20/08/1998,Mathematics,,Gymnastics
112-dd-8233,Dana,JEST,djest@uni.edu,Agender,17/11/1996,Medicine,Delta Magnus,
111-bf-3037,Brande,DECREUZE,bdecreuze@uni.edu,Male,25/01/1997,Gastronomy,Delta Magnus,Basketball
112-bd-9155,Tomasina,KYBERD,tkyberd@uni.edu,Female,04/02/1998,Journalism,,Volleyball
112-df-8263,Ros,TANN,rtann@uni.edu,Male,15/04/1996,Mathematics,,Swimming
112-fb-8328,Earvin,ROUSBY,erousby@uni.edu,Male,08/06/1998,Mathematics,Kappa Xi,Tennis
111-ad-2374,Claire,BRUNKER,cbrunker@uni.edu,Female,03/04/1997,Litterature & Linguistics,,
111-cc-4449,Zacharie,ALSTEAD,zalstead@uni.edu,Male,01/05/1998,Law,,Tennis
112-ff-4405,Stafford,MASKREY,smaskrey@uni.edu,Female,24/01/1996,Tourism & Catering,Beta Mu,
112-de-6242,Jordan,DYBLE,jdyble@uni.edu,Male,20/04/1997,Computer Science,,Basketball
112-dc-9900,Jeralee,DE SIMONI,jdesimoni@uni.edu,Female,06/07/1998,Litterature & Linguistics,Tau Picore,Swimming
112-cd-4634,Hannie,SHIELDON,hshieldon@uni.edu,Female,06/04/1996,Gastronomy,Kappa Xi,
111-ff-1730,Laina,BAMBRUGH,lbambrugh@uni.edu,Female,29/07/1996,Gastronomy,,Tennis
111-cd-7100,Veronica,LADEN,vladen@uni.edu,Male,03/12/1996,Architecture,,Tennis
112-cd-6469,Adriana,TYSON,atyson@uni.edu,Male,24/08/1997,Business Administration,,
111-db-7285,Johny,THOMASSEN,jthomassen@uni.edu,Agender,23/04/1998,Journalism,,Swimming
111-fb-6371,Zondra,LAWRY,zlawry@uni.edu,Female,28/10/1996,IT,Beta Mu,Martial Arts
111-db-7912,Madeline,HAMMERSON,mhammerson@uni.edu,Male,18/04/1997,Chemistry,,Volleyball
112-cd-2788,Bertrand,BLYTH,bblyth@uni.edu,Female,04/11/1998,Mathematics,Kappa Xi,
111-ee-2636,Minda,O' MULDERRIG,momulderrig@uni.edu,Female,14/04/1997,Law,,Martial Arts
112-fa-4389,Ogden,WORSHAM,oworsham@uni.edu,Male,09/02/1998,Business Administration,,Hockey
111-fb-9836,Em,CORMACK,ecormack@uni.edu,Female,25/10/1996,History,Tau Picore,Tennis
111-ed-4294,Editha,JANIAK,ejaniak@uni.edu,Male,16/01/1997,Architecture,,
112-ae-3587,Joly,GIRHARD,jgirhard@uni.edu,Male,23/01/1997,Litterature & Linguistics,,
111-da-2585,Marsh,HASLEWOOD,mhaslewood@uni.edu,Female,11/12/1997,History,,
111-fe-1847,Crista,POLENDINE,cpolendine@uni.edu,Female,05/03/1998,Biotechnology,Beta Mu,Volleyball
111-bd-6891,Hasheem,MACCROSSAN,hmaccrossan@uni.edu,Female,15/01/1996,History,,Gymnastics
112-ac-1526,Faun,ZANUTTI,fzanutti@uni.edu,Female,07/09/1998,History,Beta Mu,
112-fc-6929,Rodie,EGGAR,reggar@uni.edu,Male,03/10/1996,Tourism & Catering,,Gymnastics
112-dd-6481,Dag,HAWGOOD,dhawgood@uni.edu,Male,22/10/1996,Computer Science,,Martial Arts
112-ed-1064,Hendrika,POPPLESTONE,hpopplestone@uni.edu,Male,23/02/1998,Journalism,,Basketball
111-bb-4485,Cathryn,BUGGS,cbuggs@uni.edu,Male,24/02/1996,History,,
111-eb-1352,Kristy,COWPE,kcowpe@uni.edu,Male,14/05/1997,Physics,,Swimming
111-da-3174,Anette,WELLAN,awellan@uni.edu,Female,15/10/1997,History,,Tennis
111-fd-7853,Fairfax,WESTFIELD,fwestfield@uni.edu,Male,15/06/1998,Psychology,,Football
111-fb-5841,Antoni,COPNAR,acopnar@uni.edu,Female,13/10/1996,Art & Culture,,Hockey
112-cb-7847,Marin,LE GROVE,mlegrove@uni.edu,Male,08/08/1998,Art & Culture,Zeta Omega,Tennis
112-df-3781,Erinna,POLYCOTE,epolycote@uni.edu,Female,18/03/1996,Psychology,,
111-ab-3509,Valentine,BOUETTE,vbouette@uni.edu,Non-binary,28/11/1996,Law,,Basketball
111-df-8792,Gerrard,SHELBOURNE,gshelbourne@uni.edu,Male,21/07/1997,Law,,
111-ae-1879,Colleen,PAIKE,cpaike@uni.edu,Genderqueer,04/06/1998,Medicine,,Hockey
111-ce-8548,Rachele,GILMAN,rgilman@uni.edu,Female,20/10/1996,Medicine,,Hockey
112-fe-3889,Steffane,GRIFFOEN,sgriffoen@uni.edu,Male,04/05/1998,Tourism & Catering,,Basketball
112-fa-6078,Bartolemo,SCRYMGEOUR,bscrymgeour@uni.edu,Genderfluid,08/01/1997,Art & Culture,,Volleyball
111-ef-2236,Sashenka,MACPHAIL,smacphail@uni.edu,Male,25/05/1997,Physics,,Football
112-cf-8435,Madeleine,HARGIE,mhargie@uni.edu,Female,19/05/1997,Litterature & Linguistics,Tau Picore,Volleyball
111-fe-2923,Boot,EYEINGTON,beyeington@uni.edu,Female,29/07/1997,Art & Culture,Beta Mu,Volleyball
112-eb-9233,Ferdinanda,ABBYSS,fabbyss@uni.edu,Polygender,03/11/1996,IT,Delta Magnus,Swimming
112-ad-6109,Hermia,BISPHAM,hbispham@uni.edu,Male,21/06/1998,Gastronomy,Nu Psi Lambda,Volleyball
111-cf-9460,Britt,SWATERIDGE,bswateridge@uni.edu,Male,09/01/1997,Computer Science,Zeta Omega,
111-bc-8275,Cherri,LEGGETT,cleggett@uni.edu,Female,13/12/1998,Art & Culture,,
111-de-1477,Yetty,TIXALL,ytixall@uni.edu,Male,17/06/1996,Psychology,Nu Psi Lambda,Martial Arts
112-ea-8410,Merrili,PARMAN,mparman@uni.edu,Female,20/05/1996,IT,,Swimming
112-af-3126,Carly,KETTOE,ckettoe@uni.edu,Male,15/12/1997,Business Administration,,Basketball
112-bc-5123,Jenn,CLAMPTON,jclampton@uni.edu,Male,12/03/1997,Physics,Pi Gamma Rho,
111-bc-7253,Katina,CLACK,kclack@uni.edu,Male,08/10/1996,Journalism,,Volleyball
111-ea-9913,Mallorie,PEADDIE,mpeaddie@uni.edu,Male,14/04/1997,Art & Culture,,Basketball
112-cc-7900,Boothe,FREIBURGER,bfreiburger@uni.edu,Male,14/09/1998,Psychology,,Martial Arts
112-fd-7319,Wyatan,WHITEHURST,wwhitehurst@uni.edu,Female,26/12/1996,History,Kappa Xi,Tennis
112-ce-4388,Daniella,STOWERS,dstowers@uni.edu,Male,12/11/1998,Biotechnology,Pi Gamma Rho,Martial Arts
112-aa-2710,Ninnette,GILLON,ngillon@uni.edu,Male,31/12/1997,IT,Delta Magnus,Gymnastics
111-be-6947,Haze,KYME,hkyme@uni.edu,Female,10/06/1996,Law,,Hockey
112-ea-5441,Carleen,QUARE,cquare@uni.edu,Male,21/04/1996,Computer Science,,Football
112-da-1961,Merry,PAGRAM,mpagram@uni.edu,Female,23/09/1996,Litterature & Linguistics,Tau Picore,
111-bf-3720,Delinda,PLUMLEY,dplumley@uni.edu,Female,11/10/1997,Litterature & Linguistics,Beta Mu,Basketball
111-bb-3624,Sydney,SAPIR,ssapir@uni.edu,Male,08/03/1996,Computer Science,,Basketball
111-ed-1095,Estrellita,TETT,etett@uni.edu,Female,12/01/1998,Biotechnology,,Tennis
111-aa-6262,Aurlie,SMEATON,asmeaton@uni.edu,Male,29/05/1996,Litterature & Linguistics,,Football
112-ab-6116,Laina,MCILVANEY,lmcilvaney@uni.edu,Female,22/09/1997,Physics,,Tennis
112-fb-6485,Erv,CHOMISZEWSKI,echomiszewski@uni.edu,Female,09/09/1998,Art & Culture,,
111-ed-1440,Kelcy,PITCAITHLEY,kpitcaithley@uni.edu,Female,22/02/1997,History,,Hockey
112-bd-9559,Delano,BERNUZZI,dbernuzzi@uni.edu,Female,31/07/1997,Gastronomy,Beta Mu,
111-ca-3051,Sibylle,POXTON,spoxton@uni.edu,Female,17/12/1997,Litterature & Linguistics,Tau Picore,Hockey
112-af-7547,Constancia,BETERISS,cbeteriss@uni.edu,Female,29/01/1998,Mathematics,,Martial Arts
112-aa-5678,Merridie,SOMMERFELD,msommerfeld@uni.edu,Male,13/07/1996,Architecture,Tau Picore,
111-ea-8037,Juli,CLAUSIUS,jclausius@uni.edu,Female,11/10/1997,History,Kappa Xi,Hockey
111-ff-6981,Herta,BEENTJES,hbeentjes@uni.edu,Male,13/09/1996,Computer Science,,Martial Arts
112-cc-7411,Joel,FEY,jfey@uni.edu,Female,16/12/1996,Computer Science,Tau Picore,Martial Arts
111-bd-5946,Roxi,BERRIGAN,rberrigan@uni.edu,Male,26/10/1997,Computer Science,Tau Picore,Martial Arts
112-df-5518,Chelsie,AISHFORD,caishford@uni.edu,Female,18/10/1996,Psychology,Kappa Xi,Swimming
112-dd-8256,Hendrika,THORLBY,hthorlby@uni.edu,Male,24/09/1997,Mathematics,,Basketball
112-dd-4542,Karissa,MCMASTER,kmcmaster@uni.edu,Male,24/01/1997,Business Administration,Nu Psi Lambda,Martial Arts
111-ad-3318,Milty,RASH,mrash@uni.edu,Female,29/07/1998,Business Administration,,Volleyball
111-aa-8221,Nehemiah,SHEPHARD,nshephard@uni.edu,Genderqueer,02/06/1997,Tourism & Catering,,
111-cc-1793,Chloette,SCHOFIELD,cschofield@uni.edu,Male,20/01/1996,Engineering,,Tennis
111-ef-5764,Paola,LEPERE,plepere@uni.edu,Male,13/03/1996,IT,,Swimming
111-cc-6098,Nickie,PARKES,nparkes@uni.edu,Male,01/08/1997,Law,Zeta Omega,
112-ff-9533,Delores,WIGFALL,dwigfall@uni.edu,Male,01/09/1998,Gastronomy,,
111-dc-7584,Cacilie,ROBINS,crobins@uni.edu,Male,24/08/1998,Journalism,,Basketball
112-ed-1613,Torie,DOROT,tdorot@uni.edu,Female,05/01/1996,Gastronomy,,Hockey
112-df-5244,Gertrude,MACIA,gmacia@uni.edu,Genderqueer,03/12/1998,Litterature & Linguistics,Nu Psi Lambda,
111-ba-7674,Noami,BEGGIO,nbeggio@uni.edu,Male,11/12/1998,Law,,Football
111-ae-2276,Sancho,WILDOR,swildor@uni.edu,Male,22/04/1997,Engineering,Pi Gamma Rho,Martial Arts
111-de-8141,Daloris,GRINYER,dgrinyer@uni.edu,Male,02/02/1996,Tourism & Catering,Nu Psi Lambda,Football
111-cb-3137,Muire,ORTELT,mortelt@uni.edu,Female,11/02/1996,Psychology,Tau Picore,Hockey
112-fe-9291,Ibbie,PAINTAIN,ipaintain@uni.edu,Male,25/10/1997,Computer Science,,
111-ba-5423,Ashlen,LEONARD,aleonard@uni.edu,Female,06/11/1997,History,,Gymnastics
112-ee-6837,Hanna,GILHOOLY,hgilhooly@uni.edu,Male,17/06/1996,Biotechnology,Pi Gamma Rho,Swimming
111-bf-5536,Reg,ORTIGER,rortiger@uni.edu,Male,27/05/1996,Art & Culture,Beta Mu,
111-cf-8458,Editha,RISOM,erisom@uni.edu,Female,02/11/1996,Engineering,,
112-ea-4412,Olivia,RANDAL,orandal@uni.edu,Male,24/09/1997,Business Administration,,
112-fb-7045,Amaleta,NARE,anare@uni.edu,Male,21/04/1996,Mathematics,Pi Gamma Rho,
112-bf-8479,Clovis,FOZARD,cfozard@uni.edu,Male,22/05/1997,History,,Football
112-fe-5983,Mady,POAD,mpoad@uni.edu,Female,17/06/1997,Art & Culture,Beta Mu,Volleyball
112-ea-2946,Shaylyn,HOWSE,showse@uni.edu,Male,04/09/1997,Engineering,Beta Mu,Football
112-ac-9471,Batholomew,IACABUCCI,biacabucci@uni.edu,Polygender,02/10/1998,Gastronomy,Kappa Xi,Gymnastics
111-de-2029,Vinnie,STONIER,vstonier@uni.edu,Male,17/11/1998,IT,,Football
111-bd-4780,Teodora,CRADDOCK,tcraddock@uni.edu,Female,21/12/1996,Journalism,,Martial Arts
112-bd-6667,Robinson,HARBIDGE,rharbidge@uni.edu,Female,05/07/1998,Tourism & Catering,Kappa Xi,Hockey
112-bd-2388,Jesus,DEDDUM,jdeddum@uni.edu,Male,31/05/1998,Computer Science,Kappa Xi,Basketball
112-cf-3054,Randolph,GABBY,rgabby@uni.edu,Male,12/06/1996,Chemistry,,
112-ab-8118,Tracy,BROOKBANK,tbrookbank@uni.edu,Male,08/03/1996,Mathematics,Nu Psi Lambda,Volleyball
111-ec-1781,Shelby,O'CODIHIE,socodihie@uni.edu,Female,03/10/1998,Physics,Kappa Xi,Gymnastics
111-ea-8585,Clarinda,CAMPLIN,ccamplin@uni.edu,Female,03/04/1997,Biotechnology,Kappa Xi,Basketball
111-bd-6336,Kennan,BENZING,kbenzing@uni.edu,Female,29/11/1998,Physics,,Martial Arts
111-ff-8957,Dion,HOPKYNSON,dhopkynson@uni.edu,Female,27/05/1998,Physics,,Tennis
111-ac-4769,Clywd,ROOTE,croote@uni.edu,Female,16/10/1996,Finance,Beta Mu,Martial Arts
112-cf-5005,Lyn,GHIONE,lghione@uni.edu,Male,26/10/1997,Biotechnology,,
111-db-4877,Leopold,BOARDS,lboards@uni.edu,Female,03/01/1996,Art & Culture,,Martial Arts
112-bf-6725,Irina,CAUGHEY,icaughey@uni.edu,Male,24/04/1997,Biotechnology,Beta Mu,Football
111-bf-3067,Gilburt,RIGMAND,grigmand@uni.edu,Male,05/08/1998,Physics,Delta Magnus,Football
111-cc-1465,Hilario,DIONISIO,hdionisio@uni.edu,Male,14/06/1996,Computer Science,,
111-da-6423,Auroora,WOLLER,awoller@uni.edu,Polygender,13/11/1997,Biotechnology,,Volleyball
112-fa-8399,Wyn,BENGTSEN,wbengtsen@uni.edu,Female,07/12/1998,Tourism & Catering,,
111-ee-6615,Magdalena,LORTZ,mlortz@uni.edu,Male,07/10/1996,Psychology,Kappa Xi,Hockey
112-bf-2704,Glendon,HANNIGER,ghanniger@uni.edu,Male,07/05/1996,Business Administration,Kappa Xi,Football
111-ef-7288,Wat,WOOLER,wwooler@uni.edu,Male,16/11/1998,Computer Science,,Basketball
111-fd-6822,Harbert,DOLLMAN,hdollman@uni.edu,Male,20/03/1996,Gastronomy,,
112-ea-7825,Hyman,FRANKISS,hfrankiss@uni.edu,Male,12/12/1997,Business Administration,,Volleyball
112-fe-9615,Laney,YANCEY,lyancey@uni.edu,Genderfluid,01/11/1996,Tourism & Catering,Delta Magnus,Martial Arts
112-fb-8402,Clark,FILIPPONI,cfilipponi@uni.edu,Female,15/04/1998,Tourism & Catering,,Martial Arts
112-ad-2746,Sheilah,LIMRICK,slimrick@uni.edu,Female,23/05/1996,History,Kappa Xi,Volleyball
111-ff-1136,Merridie,SAVILL,msavill@uni.edu,Male,06/09/1998,Tourism & Catering,,Tennis
111-ad-7007,Andrej,SIGHART,asighart@uni.edu,Female,17/11/1997,Gastronomy,,
111-cd-8081,Smitty,COSGREAVE,scosgreave@uni.edu,Female,22/07/1997,Architecture,,Tennis
111-af-6088,Fraser,LINSKEY,flinskey@uni.edu,Male,02/07/1997,Chemistry,Kappa Xi,Basketball
111-cf-2882,Kaylee,PESSOLD,kpessold@uni.edu,Female,10/12/1998,Art & Culture,,Tennis
112-fd-5895,Butch,BOTTLE,bbottle@uni.edu,Female,21/08/1997,Mathematics,,Hockey
111-fd-9669,Adan,NEWBERY,anewbery@uni.edu,Non-binary,21/08/1996,IT,,Gymnastics
111-ec-4374,Erwin,NELIGAN,eneligan@uni.edu,Female,16/04/1997,Business Administration,,Hockey
112-da-9872,Elna,TITTERELL,etitterell@uni.edu,Female,09/09/1997,Psychology,,Martial Arts
111-df-6558,Sandy,WICKSTEAD,swickstead@uni.edu,Male,19/06/1998,Engineering,,Gymnastics
112-da-8557,Lanette,D'EYE,ldeye@uni.edu,Female,19/05/1996,Business Administration,Tau Picore,Hockey
112-fe-8134,Rachel,CHARNICK,rcharnick@uni.edu,Male,28/09/1996,Finance,,Martial Arts
112-ea-8442,Randolf,CAMAMILE,rcamamile@uni.edu,Female,19/07/1996,IT,,
111-da-9850,Hakeem,SHAYLER,hshayler@uni.edu,Female,11/12/1998,Tourism & Catering,,
112-cc-5301,Jeremie,BENEDICTO,jbenedicto@uni.edu,Female,06/08/1998,Medicine,Tau Picore,Gymnastics
111-bc-9959,Adriena,MARAGA,amaraga@uni.edu,Agender,30/10/1998,Business Administration,Zeta Omega,Swimming
112-cc-6936,Andrea,ENRDIGO,aenrdigo@uni.edu,Female,25/08/1996,History,Beta Mu,Volleyball
111-ac-9551,Keelia,WORKS,kworks@uni.edu,Female,01/05/1996,Art & Culture,,Gymnastics
111-ca-8679,Cello,MCKENDO,cmckendo@uni.edu,Female,13/07/1996,Engineering,,
112-cc-6541,Yehudi,STOVOLD,ystovold@uni.edu,Female,22/05/1997,Litterature & Linguistics,Kappa Xi,Swimming
111-be-9055,Virgil,GOODOUNE,vgoodoune@uni.edu,Non-binary,16/11/1998,Psychology,,Hockey
112-ff-6054,Bekki,ROSIE,brosie@uni.edu,Female,28/03/1998,Biotechnology,Tau Picore,Tennis
112-cf-8322,Erica,LAURIDSEN,elauridsen@uni.edu,Male,08/07/1998,Architecture,Pi Gamma Rho,Football
112-af-2234,Ilsa,BREARTON,ibrearton@uni.edu,Female,19/04/1997,Art & Culture,Beta Mu,Basketball
112-ad-2081,Brooke,EDINBORO,bedinboro@uni.edu,Female,24/11/1996,Chemistry,Tau Picore,
112-ae-2404,Zoe,ORDEMANN,zordemann@uni.edu,Female,14/04/1998,Psychology,Kappa Xi,Volleyball
111-eb-5879,Selene,LARAWAY,slaraway@uni.edu,Genderfluid,24/03/1998,Business Administration,Delta Magnus,Football
111-fb-4494,Jerrine,BENNING,jbenning@uni.edu,Female,18/06/1998,History,Kappa Xi,Basketball
112-ff-1321,Corie,BOCH,cboch@uni.edu,Male,03/05/1998,Finance,Kappa Xi,
111-ca-4769,Bruis,MALLALL,bmallall@uni.edu,Male,19/01/1996,Biotechnology,,Basketball
111-ac-4871,Hurlee,TIFT,htift@uni.edu,Polygender,12/02/1997,Tourism & Catering,Delta Magnus,Hockey
111-eb-1889,Veronika,ANDREUCCI,vandreucci@uni.edu,Male,14/07/1996,Engineering,,
112-cf-8942,Devina,BOOTHROYD,dboothroyd@uni.edu,Male,19/01/1996,Mathematics,,Hockey
111-ee-7371,Hilda,THEYER,htheyer@uni.edu,Male,29/11/1998,Art & Culture,,Basketball
112-ad-3352,Gilbert,GILARDONE,ggilardone@uni.edu,Male,31/07/1997,Computer Science,,Swimming
111-cf-8236,Phyllys,ANDREOPOLOS,pandreopolos@uni.edu,Male,05/04/1996,Biotechnology,,Hockey
112-bd-5116,Elvyn,SYWELL,esywell@uni.edu,Male,05/07/1997,Finance,Tau Picore,
111-da-4574,Spike,DU BARRY,sdubarry@uni.edu,Male,24/09/1996,Biotechnology,Zeta Omega,Hockey
112-fe-4321,Cully,CALDRONI,ccaldroni@uni.edu,Female,28/03/1998,Art & Culture,,Tennis
112-ed-4024,Elliot,COMELLINI,ecomellini@uni.edu,Female,19/06/1997,Gastronomy,,Hockey
111-dd-8205,Giles,TERRAZZO,gterrazzo@uni.edu,Female,10/12/1997,Architecture,,
111-ad-9102,Ardith,WONFOR,awonfor@uni.edu,Male,10/12/1996,Engineering,Tau Picore,
112-db-7579,Beth,NEWBEGIN,bnewbegin@uni.edu,Male,31/12/1997,IT,Zeta Omega,Basketball
112-eb-8612,Modestia,GENTILE,mgentile@uni.edu,Female,29/12/1997,Psychology,Beta Mu,Volleyball
111-eb-6068,Mariska,MACRINN,mmacrinn@uni.edu,Female,02/09/1997,Psychology,,Gymnastics
111-fc-2590,Ulrikaumeko,PINE,upine@uni.edu,Male,04/09/1996,Business Administration,,Football
111-cd-8830,Genevieve,DEWDENY,gdewdeny@uni.edu,Male,05/07/1996,Mathematics,Tau Picore,Basketball
111-ca-3572,Fons,SHYRES,fshyres@uni.edu,Female,25/01/1997,Litterature & Linguistics,Tau Picore,Volleyball
112-cf-6382,Hewitt,BORELL,hborell@uni.edu,Male,18/05/1997,Business Administration,,
111-cc-9906,Elmer,BOINTON,ebointon@uni.edu,Female,03/05/1996,Tourism & Catering,,
111-fe-6971,Ulysses,SHEARN,ushearn@uni.edu,Male,26/07/1997,Computer Science,Pi Gamma Rho,Football
112-eb-1329,Geralda,WINSPEAR,gwinspear@uni.edu,Female,23/09/1996,Business Administration,,Hockey
111-bd-6587,Wainwright,LEES,wlees@uni.edu,Male,22/12/1996,Art & Culture,Kappa Xi,
111-ea-2252,Isidro,DEMANGEL,idemangel@uni.edu,Female,14/04/1998,Medicine,Beta Mu,Tennis
112-ef-3293,Kippy,BERENS,kberens@uni.edu,Male,16/02/1997,Physics,,Hockey
112-fe-3424,Jeffry,KEHIR,jkehir@uni.edu,Non-binary,20/12/1997,Litterature & Linguistics,,
112-ba-6364,Sandye,SUSHAMS,ssushams@uni.edu,Non-binary,03/12/1996,Biotechnology,Delta Magnus,
112-df-9384,Darla,CLAMP,dclamp@uni.edu,Female,01/01/1997,Business Administration,,Martial Arts
111-bb-7685,Betteann,DAFFEY,bdaffey@uni.edu,Male,13/02/1997,Gastronomy,,Swimming
112-cd-2407,Justus,KUBICEK,jkubicek@uni.edu,Male,24/01/1996,Physics,,Hockey
112-ca-2523,Pyotr,GRETTON,pgretton@uni.edu,Male,29/06/1996,Physics,,Basketball
111-df-2591,Artie,COWP,acowp@uni.edu,Female,09/08/1997,Psychology,,
111-dd-6635,Lanny,BRADICK,lbradick@uni.edu,Female,27/10/1997,Tourism & Catering,Tau Picore,Hockey
112-ae-7355,Charin,BAGBY,cbagby@uni.edu,Male,14/11/1996,Engineering,,Martial Arts
111-cc-5898,Coleen,RUSSAM,crussam@uni.edu,Male,17/10/1996,Biotechnology,Zeta Omega,Tennis
112-bc-4033,Gleda,BESSET,gbesset@uni.edu,Male,06/09/1997,Mathematics,Kappa Xi,Martial Arts
111-ec-2518,Corrie,CARTMILL,ccartmill@uni.edu,Female,19/06/1997,Physics,,Gymnastics
112-dd-4662,Brendon,STRAKER,bstraker@uni.edu,Male,11/03/1998,Art & Culture,,
112-ca-2548,Sallyann,TINKLIN,stinklin@uni.edu,Female,03/10/1998,Medicine,Kappa Xi,Hockey
112-fa-7863,Bamby,LERMIT,blermit@uni.edu,Bigender,20/08/1997,Litterature & Linguistics,,
112-aa-2972,Penni,WHALE,pwhale@uni.edu,Female,09/05/1997,Law,,Volleyball
111-da-4603,Calli,CREEGHAN,ccreeghan@uni.edu,Female,12/11/1998,IT,,Swimming
111-af-9749,Consolata,MCILWRATH,cmcilwrath@uni.edu,Female,03/04/1998,History,Beta Mu,Gymnastics
111-eb-1336,Hilario,IZSAK,hizsak@uni.edu,Non-binary,22/01/1998,Mathematics,,
112-da-7196,Heddie,CURMAN,hcurman@uni.edu,Female,28/10/1997,Business Administration,,Tennis
112-bd-8977,Seline,HARTIN,shartin@uni.edu,Female,27/09/1997,Finance,,Hockey
112-fa-9156,Burton,MCNELLY,bmcnelly@uni.edu,Male,28/05/1996,Gastronomy,Beta Mu,
111-ec-2026,Rouvin,LITHCOW,rlithcow@uni.edu,Male,19/04/1997,Computer Science,Nu Psi Lambda,Volleyball
111-de-2226,Dell,MERILL,dmerill@uni.edu,Female,06/03/1998,History,,Gymnastics
111-ed-6975,Adrianna,VADER,avader@uni.edu,Female,16/06/1998,Tourism & Catering,,Volleyball
112-ee-3392,Claudine,HEINDL,cheindl@uni.edu,Male,27/06/1996,IT,Tau Picore,
111-ca-8240,Cazzie,SPREULL,cspreull@uni.edu,Male,19/10/1998,Computer Science,,Football
112-ac-1074,Yurik,KNEVIT,yknevit@uni.edu,Male,08/04/1998,Business Administration,,
111-ad-8912,Marcos,MC KELLEN,mmckellen@uni.edu,Male,05/07/1998,Finance,Beta Mu,Tennis
111-bc-3235,Barny,MENDEL,bmendel@uni.edu,Female,13/07/1996,Litterature & Linguistics,,Volleyball
111-cb-7329,Leontine,GERHARTZ,lgerhartz@uni.edu,Female,03/08/1997,Tourism & Catering,,
112-ba-4407,Tabbie,DORTON,tdorton@uni.edu,Female,01/11/1996,Physics,Tau Picore,Gymnastics
111-ff-1647,Lura,ROYALL,lroyall@uni.edu,Male,10/12/1996,Medicine,Nu Psi Lambda,
112-ac-4099,Portie,FERENCE,pference@uni.edu,Bigender,29/10/1998,IT,,
111-de-4765,Ad,DINIS,adinis@uni.edu,Non-binary,19/09/1996,Computer Science,,Martial Arts
111-ef-9067,Rouvin,RENDALL,rrendall@uni.edu,Female,13/08/1998,Business Administration,,Hockey
112-dc-8497,Rachel,WALKINGSHAW,rwalkingshaw@uni.edu,Male,08/10/1998,History,Kappa Xi,Volleyball
111-df-9078,Sharon,TUXWELL,stuxwell@uni.edu,Male,27/12/1996,Computer Science,,Football
111-eb-6191,Charlie,CARNDUFF,ccarnduff@uni.edu,Female,23/01/1997,Art & Culture,,Hockey
112-ad-5211,Robbyn,NORMANVILL,rnormanvill@uni.edu,Male,27/01/1998,History,,
111-db-8765,Roger,WINSOR,rwinsor@uni.edu,Female,28/05/1997,Computer Science,,
112-cc-6858,Jobi,CANEDO,jcanedo@uni.edu,Male,12/03/1996,Computer Science,Kappa Xi,Football
112-eb-9808,Roby,LISAMORE,rlisamore@uni.edu,Female,20/02/1996,Journalism,Kappa Xi,Martial Arts
111-da-1483,Warner,O'DWYER,wodwyer@uni.edu,Female,17/05/1997,IT,,Volleyball
112-db-3259,Winny,SCOTCHFORTH,wscotchforth@uni.edu,Female,16/04/1997,IT,Beta Mu,Volleyball
112-ef-7157,Ravi,FALLA,rfalla@uni.edu,Female,10/02/1996,Art & Culture,,
112-af-5874,Beatriz,GONOUDE,bgonoude@uni.edu,Polygender,23/04/1997,Architecture,Delta Magnus,
112-eb-7500,Iosep,FAKELEY,ifakeley@uni.edu,Female,24/06/1998,Medicine,Kappa Xi,Hockey
112-ab-8584,Klarrisa,FARAHAR,kfarahar@uni.edu,Male,05/02/1996,Mathematics,Delta Magnus,
112-bf-4877,Victoir,ANSTIE,vanstie@uni.edu,Male,31/12/1996,Architecture,Beta Mu,Football
111-eb-4127,Kara,JELLIS,kjellis@uni.edu,Female,30/04/1998,Mathematics,Kappa Xi,
112-be-5633,Jen,SISLEY,jsisley@uni.edu,Genderfluid,17/01/1996,Mathematics,,
111-db-8755,Portie,MCFALL,pmcfall@uni.edu,Female,10/04/1997,Tourism & Catering,,Gymnastics
112-ad-3027,Christian,FLACKNOE,cflacknoe@uni.edu,Male,24/12/1997,Gastronomy,,
111-fb-3169,Halli,GADESBY,hgadesby@uni.edu,Female,24/07/1997,Medicine,,
112-aa-8786,Allx,DUTNELL,adutnell@uni.edu,Female,07/05/1997,Litterature & Linguistics,,
111-bb-1513,Wye,PROSKE,wproske@uni.edu,Male,29/03/1998,Art & Culture,Delta Magnus,
111-be-1066,Karim,LE-GOOD,kle-good@uni.edu,Female,14/08/1996,IT,,Tennis
112-dc-6553,Irma,LARAWAY,ilaraway@uni.edu,Non-binary,28/05/1997,Computer Science,,
111-cd-7908,Mathilde,ADVANI,madvani@uni.edu,Genderfluid,17/06/1998,History,,Swimming
111-af-6701,Deloris,CRAKER,dcraker@uni.edu,Female,14/09/1998,Gastronomy,,
111-ae-7528,Waverley,WHYBROW,wwhybrow@uni.edu,Male,09/09/1996,Architecture,Tau Picore,Volleyball
112-ee-4084,Ave,GEHRICKE,agehricke@uni.edu,Female,12/12/1996,Biotechnology,,Hockey
111-bd-8433,Aigneis,BEGGAN,abeggan@uni.edu,Female,02/04/1996,Medicine,,
112-ca-1665,Joelle,BIMS,jbims@uni.edu,Female,29/04/1997,Engineering,,Volleyball
111-ff-4245,Creight,VICENT,cvicent@uni.edu,Male,16/02/1998,Biotechnology,,Martial Arts
111-ff-5023,Base,PADDIE,bpaddie@uni.edu,Female,10/07/1996,Tourism & Catering,,
111-ca-5345,Holden,KENWIN,hkenwin@uni.edu,Male,15/03/1996,Litterature & Linguistics,,Football
111-fa-5199,Andreana,DUNRIDGE,adunridge@uni.edu,Bigender,18/08/1997,Litterature & Linguistics,,
111-cf-2722,Mimi,HOGGAN,mhoggan@uni.edu,Female,27/12/1998,Medicine,,Hockey
111-bf-9419,Berta,FALTIN,bfaltin@uni.edu,Male,30/10/1998,Mathematics,Zeta Omega,Swimming
111-bb-1836,Vitoria,RIVERS,vrivers@uni.edu,Male,30/06/1998,Art & Culture,,Hockey
111-fb-9607,Melinda,BEAKE,mbeake@uni.edu,Male,10/05/1997,Physics,,Martial Arts
112-cc-1572,Ardys,PADULA,apadula@uni.edu,Female,18/11/1997,IT,,Hockey
112-bc-9306,Agustin,ARELES,aareles@uni.edu,Male,29/11/1998,Gastronomy,Pi Gamma Rho,
112-bc-4251,Dal,DUIGENAN,dduigenan@uni.edu,Male,14/09/1997,Gastronomy,,Football
111-ff-5867,Ina,TROYES,itroyes@uni.edu,Male,25/04/1996,History,Nu Psi Lambda,
112-ee-8187,Olivero,BUCKNELL,obucknell@uni.edu,Female,19/05/1998,Physics,,Hockey
112-fc-3421,Patrice,TUFF,ptuff@uni.edu,Male,01/11/1998,Litterature & Linguistics,,
112-ac-6434,Basilio,MEADOWCRAFT,bmeadowcraft@uni.edu,Female,12/07/1997,Art & Culture,Kappa Xi,
111-aa-5300,Brand,BENKHE,bbenkhe@uni.edu,Female,20/08/1998,Litterature & Linguistics,Kappa Xi,Swimming
112-ab-1151,Kathleen,SMEES,ksmees@uni.edu,Male,06/02/1996,Litterature & Linguistics,,
111-da-3638,Bert,OTTLEY,bottley@uni.edu,Female,13/03/1996,Medicine,,Martial Arts
111-ea-7124,Kincaid,RIDDER,kridder@uni.edu,Male,24/05/1997,Gastronomy,,Swimming
112-dd-1070,Winnah,RUNSEY,wrunsey@uni.edu,Male,25/11/1996,Chemistry,Pi Gamma Rho,
111-ed-5376,Morton,LANKESTER,mlankester@uni.edu,Male,27/07/1997,IT,Nu Psi Lambda,Hockey
112-cd-9631,Bessie,CLISS,bcliss@uni.edu,Genderqueer,02/04/1998,Journalism,Kappa Xi,Gymnastics
111-df-1598,Willetta,DEPORT,wdeport@uni.edu,Male,09/01/1996,Physics,,
112-cd-9798,Minerva,JEWELL,mjewell@uni.edu,Male,04/05/1998,IT,,Football
112-cd-4292,Idette,BORTOLUSSI,ibortolussi@uni.edu,Female,24/06/1998,Tourism & Catering,,Tennis
111-dc-7810,Nico,LURRIMAN,nlurriman@uni.edu,Male,25/09/1997,Gastronomy,Pi Gamma Rho,Volleyball
111-ef-9142,Budd,WYNDHAM,bwyndham@uni.edu,Male,01/08/1997,Physics,Nu Psi Lambda,Swimming
111-cb-2201,Zacherie,DUMBRECK,zdumbreck@uni.edu,Male,17/03/1997,Architecture,Zeta Omega,Gymnastics
111-ad-8978,Olwen,BORROWS,oborrows@uni.edu,Polygender,14/01/1998,Litterature & Linguistics,,
111-af-3809,Garald,KINTON,gkinton@uni.edu,Male,01/03/1996,Finance,,Football
111-ef-7881,Yuri,VOCKINS,yvockins@uni.edu,Agender,05/07/1996,Computer Science,Kappa Xi,Swimming
112-dc-7598,Ty,MUCCINO,tmuccino@uni.edu,Female,03/05/1997,Tourism & Catering,,Tennis
112-fd-9306,Fredi,DREWE,fdrewe@uni.edu,Non-binary,26/07/1997,Gastronomy,Nu Psi Lambda,Hockey
112-ce-6134,Allyn,BAYLE,abayle@uni.edu,Male,16/06/1997,IT,,Football
112-eb-8394,Randal,SZWARC,rszwarc@uni.edu,Male,12/01/1998,Chemistry,Zeta Omega,Basketball
111-bf-4157,Eirena,GRISHANOV,egrishanov@uni.edu,Male,18/03/1996,Law,,
112-cc-9457,Ashli,HEMPHILL,ahemphill@uni.edu,Male,22/10/1996,Architecture,Delta Magnus,
111-ef-8082,Nicky,MCPARTLIN,nmcpartlin@uni.edu,Male,20/01/1997,Engineering,,Martial Arts
112-dd-3389,Adelind,ASSUR,aassur@uni.edu,Male,01/08/1997,Physics,Kappa Xi,Football
111-ab-3237,Joby,BROADLEY,jbroadley@uni.edu,Female,21/03/1998,Tourism & Catering,,
111-de-7892,Berry,DWERRYHOUSE,bdwerryhouse@uni.edu,Female,01/03/1996,Psychology,Tau Picore,Hockey
111-cd-5836,Gregoor,DANZELMAN,gdanzelman@uni.edu,Non-binary,11/03/1996,Finance,,Gymnastics
112-af-5341,Buddy,BROGDEN,bbrogden@uni.edu,Female,09/03/1997,Medicine,Beta Mu,
111-ed-5682,Dugald,CLANCY,dclancy@uni.edu,Female,22/02/1996,Psychology,Kappa Xi,Tennis
112-dc-5024,Verena,ESKRIET,veskriet@uni.edu,Female,30/01/1996,Psychology,Beta Mu,Volleyball
111-ed-2453,Christiano,HAMMERSLEY,chammersley@uni.edu,Male,25/06/1998,Physics,Kappa Xi,Swimming
111-db-1892,Geneva,ROGEZ,grogez@uni.edu,Female,20/03/1996,Litterature & Linguistics,,Volleyball
111-cd-3736,Lucille,PARCELL,lparcell@uni.edu,Male,01/07/1996,Engineering,,Tennis
111-af-5736,Michele,O'REILLY,moreilly@uni.edu,Female,02/02/1998,Biotechnology,Beta Mu,Volleyball
111-cb-9200,Doy,MAYHO,dmayho@uni.edu,Non-binary,06/12/1996,Architecture,Kappa Xi,Martial Arts
112-cf-3848,Abigael,SELLEN,asellen@uni.edu,Polygender,30/12/1998,Computer Science,,
111-bf-7974,George,CASETTA,gcasetta@uni.edu,Agender,20/06/1998,IT,Nu Psi Lambda,Football
112-da-9046,Louella,LYDIATE,llydiate@uni.edu,Male,01/04/1996,Litterature & Linguistics,,Hockey
111-ab-8723,Jamie,BULL,jbull@uni.edu,Agender,23/07/1996,Art & Culture,,
112-ed-6450,Nadia,ADAMEK,nadamek@uni.edu,Female,03/12/1997,Medicine,Beta Mu,Tennis
112-cf-5768,Hinze,IACOVONE,hiacovone@uni.edu,Female,03/06/1997,Physics,,Volleyball
112-fc-4872,Daffi,DANDY,ddandy@uni.edu,Agender,07/10/1996,Finance,Pi Gamma Rho,Gymnastics
112-be-5198,Vassily,MAFFINI,vmaffini@uni.edu,Male,14/09/1996,Law,Tau Picore,
111-ed-1253,Marjie,RAMES,mrames@uni.edu,Female,18/04/1998,Mathematics,Tau Picore,Hockey
112-ae-7072,Halimeda,ABRAMOVICI,habramovici@uni.edu,Male,21/08/1996,Finance,,Football
112-cb-3972,Ninnette,MCILWAINE,nmcilwaine@uni.edu,Female,09/06/1997,Litterature & Linguistics,,Volleyball
111-bb-4099,Mel,KLEHYN,mklehyn@uni.edu,Female,20/08/1997,Tourism & Catering,Kappa Xi,
112-ad-3825,Roderic,SANTEN,rsanten@uni.edu,Male,24/06/1996,Art & Culture,Tau Picore,
112-cf-6977,Moshe,MATIAS,mmatias@uni.edu,Female,14/03/1997,Architecture,,
111-de-6109,Pru,DRUST,pdrust@uni.edu,Female,17/06/1998,Physics,,Hockey
111-cb-6004,Rutledge,CHARRINGTON,rcharrington@uni.edu,Female,23/12/1997,Chemistry,Kappa Xi,Tennis
112-ed-5845,Davey,COWAN,dcowan@uni.edu,Male,16/01/1997,Law,Zeta Omega,Football
111-bb-7694,Skip,ZIMMERMEISTER,szimmermeister@uni.edu,Male,11/05/1997,History,Kappa Xi,
111-de-4324,Hadrian,ADGER,hadger@uni.edu,Male,16/06/1997,History,Tau Picore,
111-fb-4561,Carolina,KUBACEK,ckubacek@uni.edu,Female,12/02/1998,Physics,Tau Picore,Gymnastics
111-ec-9110,Sande,PAVLATA,spavlata@uni.edu,Male,08/07/1996,Chemistry,Beta Mu,Martial Arts
112-ec-5703,Atlante,TESOE,atesoe@uni.edu,Male,19/11/1998,IT,Delta Magnus,
112-db-5061,Thomasin,BALMANN,tbalmann@uni.edu,Male,18/08/1997,IT,Kappa Xi,Hockey
112-bb-2789,Wilburt,KENSHOLE,wkenshole@uni.edu,Female,25/02/1996,Psychology,,Basketball
112-be-1173,Oren,FORSAITH,oforsaith@uni.edu,Male,07/09/1997,Physics,Kappa Xi,Gymnastics
112-df-7866,Averell,SWALE,aswale@uni.edu,Female,25/08/1996,Chemistry,Kappa Xi,Hockey
112-ea-5366,Wilmar,KOBPAL,wkobpal@uni.edu,Male,22/02/1997,Law,Tau Picore,Basketball
111-bb-9339,Ettie,ENSTONE,eenstone@uni.edu,Female,30/07/1997,Law,Beta Mu,Hockey
111-ba-2735,Roz,LIVER,rliver@uni.edu,Male,11/07/1998,Art & Culture,,Martial Arts
111-ed-3837,Julian,BERGEAU,jbergeau@uni.edu,Male,02/04/1998,Law,Delta Magnus,Swimming
112-fb-7293,Hurlee,TUERENA,htuerena@uni.edu,Male,19/03/1997,Computer Science,,Volleyball
111-be-5113,Gabbey,RANVOISE,granvoise@uni.edu,Female,24/04/1998,Art & Culture,Tau Picore,Tennis
111-fc-8328,Archy,DOBEY,adobey@uni.edu,Female,31/01/1996,Biotechnology,,
111-cb-3181,Oren,REPPER,orepper@uni.edu,Male,15/10/1998,Tourism & Catering,Zeta Omega,Basketball
111-cd-2048,Claudian,SHARROCK,csharrock@uni.edu,Male,17/10/1998,Biotechnology,Beta Mu,
112-de-4658,Remus,HUSSEY,rhussey@uni.edu,Male,21/10/1997,Architecture,,Football
112-ea-9409,Amory,WERENDELL,awerendell@uni.edu,Male,10/09/1996,Computer Science,Delta Magnus,Tennis
111-ae-4652,Christian,KLAMMAN,cklamman@uni.edu,Male,13/08/1998,IT,,Football
112-ef-5649,Wernher,GENNERICH,wgennerich@uni.edu,Male,13/08/1998,Physics,,Martial Arts
111-ca-7536,Dorrie,UTTERMARE,duttermare@uni.edu,Female,08/09/1996,Psychology,Beta Mu,Tennis
111-ba-7882,Curr,KUBAS,ckubas@uni.edu,Genderqueer,04/07/1998,Gastronomy,,Martial Arts
112-eb-8326,Hildegarde,HINCHAM,hhincham@uni.edu,Male,07/04/1996,Engineering,,Martial Arts
111-bb-3298,Brett,WILDEY,bwildey@uni.edu,Female,30/08/1998,Gastronomy,Tau Picore,Tennis
111-bc-1804,Adeline,TREHEARN,atrehearn@uni.edu,Female,14/08/1996,Engineering,Tau Picore,Martial Arts
112-fe-7216,Winslow,EDGARS,wedgars@uni.edu,Male,30/10/1996,Litterature & Linguistics,,
112-ee-3488,Rosita,MCCANN,rmccann@uni.edu,Female,23/05/1997,Biotechnology,,Volleyball
111-bc-2328,Martie,COMINI,mcomini@uni.edu,Male,18/02/1997,Medicine,,
111-aa-7089,Willa,ESGATE,wesgate@uni.edu,Male,18/09/1996,Journalism,,Football
111-fc-4301,Hobey,SITFORD,hsitford@uni.edu,Non-binary,22/08/1998,Litterature & Linguistics,Delta Magnus,Gymnastics
111-ea-6901,Carlen,BERTHE,cberthe@uni.edu,Male,29/08/1998,Biotechnology,,Gymnastics
111-bc-7382,Chloris,NEWBERY,cnewbery@uni.edu,Female,04/04/1996,Physics,,Swimming
112-cb-4011,Corette,LE FEAVER,clefeaver@uni.edu,Female,27/05/1997,Tourism & Catering,Kappa Xi,
112-af-1403,Demetris,PARRATT,dparratt@uni.edu,Female,24/07/1997,Journalism,Kappa Xi,Volleyball
112-ed-5229,Clive,ENGLISHBY,cenglishby@uni.edu,Male,09/04/1997,Law,Beta Mu,Gymnastics
112-ab-8074,Bird,PERE,bpere@uni.edu,Female,18/04/1998,History,Beta Mu,Martial Arts
111-ab-7489,Ricky,DANIELLO,rdaniello@uni.edu,Female,04/02/1998,Finance,,Gymnastics
111-dc-8640,Tammy,DEWAN,tdewan@uni.edu,Female,26/07/1997,History,,Hockey
111-db-7180,Nero,KASSEL,nkassel@uni.edu,Male,08/05/1998,Biotechnology,,Gymnastics
111-ac-9499,Ferrel,GINNELL,fginnell@uni.edu,Male,01/05/1997,Business Administration,,Hockey
111-cc-6896,Elias,HADFIELD,ehadfield@uni.edu,Female,20/08/1996,Journalism,,
112-ad-3428,Aridatha,KLIMES,aklimes@uni.edu,Male,07/05/1997,IT,,Gymnastics
111-bd-1692,Zia,KLAUER,zklauer@uni.edu,Female,15/01/1998,Biotechnology,,
112-db-3125,Randee,TAVERNOR,rtavernor@uni.edu,Female,24/08/1996,Engineering,,Basketball
112-aa-9200,Sella,BLANKMAN,sblankman@uni.edu,Male,28/03/1996,Computer Science,Tau Picore,Gymnastics
111-db-9712,Adriano,COWLAS,acowlas@uni.edu,Genderfluid,23/05/1998,Litterature & Linguistics,Nu Psi Lambda,Basketball
112-bd-8622,Callean,GLOSSUP,cglossup@uni.edu,Male,16/08/1998,Engineering,,Basketball
112-ca-9837,Wini,CHURCHOUSE,wchurchouse@uni.edu,Male,12/05/1998,Chemistry,,
111-aa-1443,Leticia,IVONS,livons@uni.edu,Male,24/09/1996,Art & Culture,,Martial Arts
111-fb-2194,Alexei,TRENBAY,atrenbay@uni.edu,Male,25/07/1998,Engineering,,Martial Arts
111-bc-6672,Modestine,ATGER,matger@uni.edu,Female,11/01/1996,Tourism & Catering,,Tennis
112-ca-1868,Leandra,PERSITT,lpersitt@uni.edu,Male,12/11/1997,Mathematics,,Gymnastics
112-cb-3974,Kat,KLYN,kklyn@uni.edu,Male,27/04/1997,Computer Science,Tau Picore,Gymnastics
111-ab-7129,Guglielmo,BEELBY,gbeelby@uni.edu,Male,10/05/1998,Chemistry,,
112-ec-7484,Del,FIHELLY,dfihelly@uni.edu,Female,10/12/1996,Architecture,,Tennis
112-ee-2210,Lesley,MORSTON,lmorston@uni.edu,Female,13/02/1996,Gastronomy,,
111-ea-1490,Julia,CORINGTON,jcorington@uni.edu,Female,22/04/1998,History,,
112-aa-4861,Grenville,URWIN,gurwin@uni.edu,Female,27/05/1997,Journalism,,Volleyball
112-ef-3382,Bearnard,CORCORAN,bcorcoran@uni.edu,Male,17/06/1998,Mathematics,,Hockey
112-df-6035,Gabriella,PERSENT,gpersent@uni.edu,Female,03/11/1996,Computer Science,,Volleyball
112-fd-3251,Bentlee,COUCHER,bcoucher@uni.edu,Female,18/01/1996,Business Administration,,Tennis
111-ab-8940,Lauree,KLEINPLATZ,lkleinplatz@uni.edu,Male,25/06/1998,Mathematics,Delta Magnus,Tennis
111-fb-4090,Ulrika,MAPPLES,umapples@uni.edu,Female,10/06/1998,History,Tau Picore,Volleyball
111-ed-9483,Holden,MCKINSTRY,hmckinstry@uni.edu,Female,22/11/1998,Biotechnology,,
112-fd-9272,Abdel,TYRER,atyrer@uni.edu,Male,06/04/1996,Architecture,,
112-fa-1934,Gaylene,PHELAN,gphelan@uni.edu,Male,01/06/1998,Biotechnology,,Hockey
111-dc-6815,Kipper,ANNAND,kannand@uni.edu,Female,23/10/1998,Gastronomy,Tau Picore,Hockey
111-ab-9909,Garnet,OLLEY,golley@uni.edu,Male,10/03/1996,Architecture,Delta Magnus,Martial Arts
111-eb-1910,Roderick,IGGULDEN,riggulden@uni.edu,Male,17/09/1997,Biotechnology,Nu Psi Lambda,Gymnastics
111-de-3398,Nicolette,IMESEN,nimesen@uni.edu,Male,23/03/1998,Chemistry,,Gymnastics
111-da-2942,Waylin,WOLLER,wwoller@uni.edu,Male,06/03/1996,Psychology,Zeta Omega,Football
112-ac-3681,Cher,PEARCEY,cpearcey@uni.edu,Female,25/02/1998,Gastronomy,,Volleyball
111-ed-2675,Kimble,FAIRPOOL,kfairpool@uni.edu,Genderfluid,14/06/1996,Litterature & Linguistics,,
112-cf-6103,Zsa zsa,SEIN,zsein@uni.edu,Non-binary,04/09/1998,Litterature & Linguistics,Kappa Xi,Football
111-fa-2624,Elizabet,HARIOT,ehariot@uni.edu,Male,04/02/1998,IT,Nu Psi Lambda,Basketball
112-ab-6310,Lyndsie,ROYSE,lroyse@uni.edu,Female,10/09/1997,Psychology,Kappa Xi,Hockey
111-ab-9994,Aindrea,SCAY,ascay@uni.edu,Female,15/02/1997,Physics,Beta Mu,Hockey
112-cf-7777,Bing,BRADD,bbradd@uni.edu,Male,18/08/1998,Law,Zeta Omega,Basketball
111-da-3387,Desirae,PRIGMORE,dprigmore@uni.edu,Male,12/05/1997,Journalism,Delta Magnus,Hockey
112-ee-6711,Coral,KILSBY,ckilsby@uni.edu,Female,08/05/1997,IT,,Gymnastics
111-dd-4388,Norry,BAIGRIE,nbaigrie@uni.edu,Male,30/11/1997,Art & Culture,,Football
112-db-2690,Fabe,COTE,fcote@uni.edu,Male,21/05/1997,Medicine,,Football
111-cf-5460,Gayle,HALDIN,ghaldin@uni.edu,Female,22/03/1998,Art & Culture,Tau Picore,Gymnastics
111-aa-3184,Gottfried,THYNG,gthyng@uni.edu,Male,15/09/1996,Finance,,Hockey
111-cc-6740,Kyla,MINES,kmines@uni.edu,Female,23/06/1998,IT,,Hockey
112-fe-9685,Regen,ROYCROFT,rroycroft@uni.edu,Female,21/07/1998,Medicine,Kappa Xi,
112-fc-3293,Roley,BRAZIL,rbrazil@uni.edu,Genderqueer,04/05/1998,IT,Zeta Omega,Tennis
111-bd-3306,Selig,TORRE,storre@uni.edu,Agender,03/07/1996,Finance,Zeta Omega,Volleyball
112-ea-3795,Sonya,DONETT,sdonett@uni.edu,Female,04/06/1997,Law,,
112-fd-3728,Zebulon,DE'VERE - HUNT,zdevere-hunt@uni.edu,Female,15/03/1998,Psychology,,
112-fd-3422,Karola,FILLINGHAM,kfillingham@uni.edu,Female,04/04/1996,Litterature & Linguistics,Beta Mu,Hockey
111-fc-1979,Burlie,MATTIUSSI,bmattiussi@uni.edu,Male,07/12/1996,Computer Science,,
112-aa-8450,Tate,SENUSSI,tsenussi@uni.edu,Female,23/06/1996,Gastronomy,,Tennis
112-cf-4342,Levin,OTLEY,lotley@uni.edu,Male,17/01/1997,Art & Culture,,Martial Arts
111-ff-2453,Galen,TOD,gtod@uni.edu,Genderqueer,11/09/1996,Computer Science,,Gymnastics
112-ae-2134,Floris,VAN ARSDALL,fvanarsdall@uni.edu,Male,07/05/1996,Computer Science,,Volleyball
111-ea-4364,Laurianne,MOKES,lmokes@uni.edu,Bigender,27/09/1997,Journalism,Delta Magnus,Tennis
111-db-2788,Kathryne,BENYAN,kbenyan@uni.edu,Female,12/07/1996,Litterature & Linguistics,Beta Mu,Swimming
112-ac-7589,Dyana,ADAME,dadame@uni.edu,Polygender,28/04/1998,Art & Culture,,Tennis
112-fe-7721,Danit,BAIN,dbain@uni.edu,Female,27/01/1998,Art & Culture,Beta Mu,Hockey
112-ad-2892,Eddie,BARTOSEK,ebartosek@uni.edu,Female,26/09/1997,Medicine,Beta Mu,Volleyball
111-fe-4830,Clemmy,SUMMERLAD,csummerlad@uni.edu,Female,26/10/1996,History,,Basketball
111-ab-9754,Moria,GETHING,mgething@uni.edu,Male,25/06/1997,Medicine,,Swimming
112-ae-4617,Madelon,ESMONDE,mesmonde@uni.edu,Male,15/10/1998,IT,,Tennis
112-aa-6077,Ulises,BRIND,ubrind@uni.edu,Male,06/01/1998,Business Administration,Zeta Omega,
111-cb-1757,Robert,MARTINAT,rmartinat@uni.edu,Male,26/12/1996,Journalism,Pi Gamma Rho,Tennis
112-fc-1492,Andrej,WIMPRESS,awimpress@uni.edu,Female,31/10/1998,Art & Culture,Tau Picore,Martial Arts
112-cb-3285,Christal,BOTWOOD,cbotwood@uni.edu,Male,25/08/1998,Psychology,,Football
112-eb-1952,Cairistiona,MCELREA,cmcelrea@uni.edu,Female,19/08/1996,Medicine,,Tennis
112-af-1229,Lettie,GADEAUX,lgadeaux@uni.edu,Agender,23/03/1997,Journalism,Tau Picore,Football
111-ba-3141,Alexina,STILE,astile@uni.edu,Male,23/09/1997,Law,Tau Picore,Swimming
111-ae-1089,Gan,GEERING,ggeering@uni.edu,Female,17/01/1998,Tourism & Catering,Tau Picore,Volleyball
112-af-8339,Lief,TRAMEL,ltramel@uni.edu,Female,16/04/1997,Art & Culture,Tau Picore,Hockey
111-af-1118,Sianna,PANKETHMAN,spankethman@uni.edu,Male,19/10/1997,Architecture,Kappa Xi,Gymnastics
111-ae-4759,Diarmid,CREAN,dcrean@uni.edu,Female,21/02/1998,Gastronomy,,
111-da-4587,Peadar,BENDE,pbende@uni.edu,Male,11/12/1997,Computer Science,,Football
112-fe-9265,Jennine,BALOG,jbalog@uni.edu,Genderfluid,07/12/1997,Psychology,,Swimming
112-bf-6149,Rafferty,VASNEV,rvasnev@uni.edu,Female,14/12/1998,Mathematics,,Tennis
111-ae-9218,Hurlee,ASHPITAL,hashpital@uni.edu,Non-binary,27/07/1996,Mathematics,Tau Picore,Hockey
112-aa-6340,Irwinn,PINKSTONE,ipinkstone@uni.edu,Male,17/12/1998,Medicine,Delta Magnus,
111-fe-7462,Natalina,STEANSON,nsteanson@uni.edu,Male,29/08/1996,Law,,
112-de-2640,Hetti,AUKLAND,haukland@uni.edu,Male,20/03/1998,Tourism & Catering,,
111-db-3675,Katerine,LACKNEY,klackney@uni.edu,Male,05/12/1997,Psychology,,Martial Arts
111-fb-7522,Lexy,ROLLINGS,lrollings@uni.edu,Non-binary,24/05/1998,Computer Science,Nu Psi Lambda,Basketball
112-ab-2302,Laurianne,FERRAI,lferrai@uni.edu,Male,18/01/1998,Finance,Beta Mu,Football
112-ca-7896,Alvin,CRAMPSY,acrampsy@uni.edu,Male,13/09/1997,Computer Science,Kappa Xi,Gymnastics
111-db-2898,Kellie,GIRTON,kgirton@uni.edu,Polygender,05/07/1997,Business Administration,Zeta Omega,Tennis
111-ee-1118,Pip,ORDISH,pordish@uni.edu,Female,13/12/1998,Art & Culture,Kappa Xi,
112-ab-6323,Darryl,COCKRAN,dcockran@uni.edu,Male,22/05/1998,IT,,Gymnastics
112-af-2133,Faun,MCCULLOCK,fmccullock@uni.edu,Female,22/03/1997,Psychology,Beta Mu,Basketball
112-fe-9273,Gar,POCOCK,gpocock@uni.edu,Male,04/11/1996,Biotechnology,,Basketball
112-bc-6037,Megen,CALF,mcalf@uni.edu,Female,15/07/1996,History,Tau Picore,Volleyball
112-fd-2672,Sax,PLEDGE,spledge@uni.edu,Female,10/10/1998,Medicine,,Hockey
112-ea-6499,Donnell,STOCKDALE,dstockdale@uni.edu,Male,16/01/1998,IT,Nu Psi Lambda,Martial Arts
111-fb-4383,Franklin,CAGHAN,fcaghan@uni.edu,Male,23/01/1997,Architecture,,Football
111-bd-9179,Etti,SEADON,eseadon@uni.edu,Female,18/02/1997,Computer Science,Tau Picore,
112-af-3629,Stephanus,JOBES,sjobes@uni.edu,Female,08/07/1998,History,Kappa Xi,Volleyball
111-cc-7576,Carma,KELLERT,ckellert@uni.edu,Female,22/04/1996,Computer Science,,Gymnastics
112-ef-7073,Charla,TROOD,ctrood@uni.edu,Agender,20/08/1998,Biotechnology,,Swimming
112-eb-9098,Adara,MARKL,amarkl@uni.edu,Female,23/03/1996,IT,,Swimming
112-ec-8768,North,SCRASE,nscrase@uni.edu,Male,30/12/1997,Business Administration,Kappa Xi,Hockey
112-bd-6358,Michelle,WORTLEY,mwortley@uni.edu,Male,06/10/1998,Tourism & Catering,Pi Gamma Rho,
112-ee-6311,Devlin,WATKISS,dwatkiss@uni.edu,Male,28/01/1997,Business Administration,,Hockey
111-dd-4410,Lesley,FORTEN,lforten@uni.edu,Genderfluid,24/02/1997,History,,Football
112-da-3989,Casi,GORRISSEN,cgorrissen@uni.edu,Female,14/07/1998,Psychology,Tau Picore,Hockey
111-cf-5494,Flor,HAYSHAM,fhaysham@uni.edu,Male,14/02/1996,History,,Swimming
111-cf-7547,Jennine,COLLENS,jcollens@uni.edu,Female,07/10/1997,Law,Beta Mu,
112-cd-5786,Odilia,GUNBIE,ogunbie@uni.edu,Male,07/08/1996,History,,Hockey
112-ef-8489,Mano,HOUSAM,mhousam@uni.edu,Female,08/08/1996,Finance,,Hockey
111-fc-9276,Lian,CARDNELL,lcardnell@uni.edu,Female,12/01/1996,Tourism & Catering,Beta Mu,Hockey
112-bc-4986,Durante,PAMPLING,dpampling@uni.edu,Female,25/06/1997,Architecture,,Volleyball
111-fb-9258,Benedikt,HELLWIG,bhellwig@uni.edu,Male,28/09/1998,Business Administration,,Gymnastics
111-ae-6183,Terry,PAWLACZYK,tpawlaczyk@uni.edu,Genderfluid,11/07/1998,Chemistry,,
111-cb-8821,Nikkie,FASLER,nfasler@uni.edu,Male,13/10/1997,Gastronomy,,
112-eb-7940,Carmita,STUDHOLME,cstudholme@uni.edu,Male,08/02/1996,Mathematics,Tau Picore,Martial Arts
112-df-6825,Percy,BIASIO,pbiasio@uni.edu,Polygender,08/01/1997,Journalism,,Football
111-ec-3612,Thomasin,GELDART,tgeldart@uni.edu,Female,29/06/1997,Mathematics,,Tennis
111-ba-8462,Elonore,SAVIN,esavin@uni.edu,Female,22/06/1997,History,,Gymnastics
112-bd-2032,Taylor,JACOBOWITS,tjacobowits@uni.edu,Female,12/05/1998,Litterature & Linguistics,,Gymnastics
111-db-9940,Roxane,COTTEREL,rcotterel@uni.edu,Female,22/03/1997,Physics,,Volleyball
112-ef-6335,Constanta,CHITTY,cchitty@uni.edu,Male,15/11/1997,Gastronomy,,Gymnastics
112-ff-7499,Christie,CLERICOATES,cclericoates@uni.edu,Female,21/11/1996,Litterature & Linguistics,Beta Mu,Gymnastics
112-fc-4165,Derrek,BEANE,dbeane@uni.edu,Male,10/08/1997,Psychology,,Martial Arts
112-ab-8879,Terza,SCHOLE,tschole@uni.edu,Male,09/06/1997,IT,Zeta Omega,Tennis
111-eb-8439,Pete,GOUCH,pgouch@uni.edu,Male,29/12/1996,Architecture,,
111-af-4194,Eugen,PENDALL,ependall@uni.edu,Male,11/08/1998,Gastronomy,,Volleyball
111-de-3127,Broddy,CHALLONER,bchalloner@uni.edu,Bigender,18/05/1997,Journalism,Kappa Xi,Martial Arts
111-dc-9592,Filippo,FANTIN,ffantin@uni.edu,Genderqueer,20/10/1997,Architecture,,Swimming
112-db-9230,Indira,JOHNSON,ijohnson@uni.edu,Male,05/01/1996,Business Administration,Tau Picore,Football
112-fa-1001,Willa,FRITCHLEY,wfritchley@uni.edu,Female,07/10/1997,Mathematics,Beta Mu,Gymnastics
112-bd-3351,Ermentrude,HARTUP,ehartup@uni.edu,Male,20/01/1998,Litterature & Linguistics,Zeta Omega,Gymnastics
111-bc-4428,Lonnie,FAWDERY,lfawdery@uni.edu,Male,06/11/1996,Architecture,,
111-ba-9853,Ardenia,MONNOYER,amonnoyer@uni.edu,Agender,19/07/1998,Biotechnology,,Hockey
111-ce-9567,Rodney,GREETLAND,rgreetland@uni.edu,Male,10/11/1997,IT,,Swimming
111-dc-4410,Mireille,ISAKOVITCH,misakovitch@uni.edu,Female,20/01/1998,Computer Science,Kappa Xi,Tennis
111-dc-7896,Sharon,ZELLEY,szelley@uni.edu,Female,12/11/1997,Tourism & Catering,Tau Picore,
111-dc-3969,Vita,URIDGE,vuridge@uni.edu,Male,29/05/1998,Chemistry,,
112-ae-6754,Mariana,DELGARDILLO,mdelgardillo@uni.edu,Male,22/08/1996,Journalism,,Football
112-bf-4718,Guss,ALVEN,galven@uni.edu,Male,15/06/1996,Chemistry,Nu Psi Lambda,Basketball
112-ca-2311,Abrahan,GIRIARDELLI,agiriardelli@uni.edu,Male,04/12/1998,Computer Science,Kappa Xi,
111-eb-6405,Sheree,CONKEY,sconkey@uni.edu,Polygender,27/04/1996,Litterature & Linguistics,,Hockey
112-ec-4692,Alisha,TRIVETT,atrivett@uni.edu,Male,30/09/1998,Chemistry,,
112-ea-6684,Tannie,JEANEL,tjeanel@uni.edu,Female,12/02/1998,Physics,,
111-ca-6755,Jordan,DURDAN,jdurdan@uni.edu,Non-binary,22/04/1996,Engineering,Zeta Omega,Hockey
112-fd-3613,Edlin,CULLIP,ecullip@uni.edu,Non-binary,22/01/1996,Business Administration,Beta Mu,Hockey
111-da-8496,Stacee,SCHWERIN,sschwerin@uni.edu,Female,07/10/1997,Medicine,Beta Mu,Tennis
111-bb-5109,Ronald,CLOY,rcloy@uni.edu,Female,21/06/1998,Tourism & Catering,,Hockey
112-fc-6206,Nevile,PERCHE,nperche@uni.edu,Male,07/07/1998,Law,,Swimming
112-bb-9114,Hoebart,FETTER,hfetter@uni.edu,Female,09/10/1996,History,Tau Picore,Hockey
112-bb-6147,Richardo,LENIHAN,rlenihan@uni.edu,Male,30/08/1996,Law,,Gymnastics
111-ab-3095,Martita,EELES,meeles@uni.edu,Male,13/06/1997,Biotechnology,Beta Mu,
111-fd-5006,Jan,BURNYEAT,jburnyeat@uni.edu,Female,26/12/1998,Art & Culture,Tau Picore,Tennis
